,clusters,mean
TNFRSF18,16,0.0002976799216385172
FAM132A,5,0.00020457578115584687
C1orf222,6,0.0009334794060374179
C1orf86,13,0.030410495574687686
MMEL1,14,0.0005568766515709979
AJAP1,17,0.00121198301440977
TAS1R1,6,0.0003175936811591748
UTS2,8,0.000412252401770004
ERRFI1,0,0.12990277367031908
CASZ1,17,0.014101158605856201
MASP2,14,0.0007261607359028515
CLCNKA,14,0.0003187925820932151
MFAP2,14,0.00037163085081767637
AKR7A3,9,0.0005099608432449799
CAPZB,4,0.15177339365222298
PLA2G2A,8,0.0005838407073890259
WNT4,15,0.00736417350046588
ID3,4,0.07606877726446422
SRSF10,6,0.01194285623722677
IL22RA1,21,0.0005811227424220878
GRHL3,18,0.00026970058872400986
STPG1,2,0.009825568078827188
RUNX3,14,0.0002637776043349342
AL020996.1,10,0.000109877158149635
AUNIP,5,0.0021169002343343047
STMN1,16,0.19144721994093128
PAFAH2,3,0.014274737391895758
EXTL1,18,0.00018453621898170287
UBXN11,6,0.013307970804117525
SFN,0,0.000979856539665538
AHDC1,4,0.0896808801384679
THEMIS2,14,0.00029108717589361823
TMEM200B,8,0.0008457022953540482
SDC3,5,0.02635907152086559
SNRNP40,11,0.028262715705836047
PEF1,7,0.01888026482942898
COL16A1,7,0.004844896094174718
PTP4A2,15,0.12375242787260027
MARCKSL1,8,0.19438912392750882
NCDN,4,0.009638279559622936
CLSPN,19,0.012650203631335823
LSM10,17,0.004046171637208067
C1orf109,6,0.012416385483085518
YRDC,13,0.00605578454606988
POU3F1,0,0.00023392420460253586
GJA9,11,0.0008916156946392949
RHBDL2,0,0.0046852849185193566
BMP8B,12,0.0005103762217476144
MYCL,8,0.00497165613060874
MFSD2A,1,0.09333522431272322
SLFNL1,18,0.0013990208249986882
EDN2,11,0.0006553824542591925
C1orf210,0,0.00862655971513752
CDC20,3,0.00872530009919788
RNF220,5,0.37505962024261036
TCTEX1D4,3,9.655391365791283e-05
PDZK1IP1,11,0.0014076429057783633
AGBL4,5,0.12156452741891864
SELRC1,2,0.002194726585051718
LDLRAD1,7,0.00016997020676516906
FAM151A,6,0.0012025106433843976
PARS2,19,0.0026951396449271673
DHCR24,7,0.06894383938203606
TACSTD2,15,0.030511686839829282
JUN,4,0.3591694235601486
TCTEX1D1,2,8.05522806210567e-05
DEPDC1,3,0.008369608359421753
NEGR1,2,0.038684162351291296
LRRIQ3,17,0.005299215246863889
LRRC53,6,0.0019385508978189115
SLC44A5,17,0.04374526289413268
ST6GALNAC3,19,0.21750224287480227
ST6GALNAC5,20,0.11740286506943327
PIGK,1,0.02700234747874328
DNASE2B,19,0.00016048053879465414
LPAR3,2,0.0016337151385315135
CYR61,4,0.05675663020185497
GBP2,11,0.0006058217480371743
GBP4,12,0.0006128848508015389
BCAR3,17,0.02951340884148603
F3,0,0.01403699443953191
DPYD,2,0.14200883025099587
OLFM3,10,0.02021961804769958
COL11A1,5,0.2144896433368802
VAV3,5,0.02418154426769155
TAF13,15,0.010898805388699154
C1orf194,7,0.0007727635063882334
KIAA1324,2,0.014701985813518276
ALX3,14,7.251666529422857e-05
SLC16A4,6,0.006602324579200735
KCNA2,1,0.00012329904557021522
KCNA3,14,0.0003073728865237927
FAM212B,4,0.003933840893747176
KCND3,7,0.004368351268900359
RSBN1,16,0.050938237764995155
DCLRE1B,16,0.01637149172373809
DENND2C,6,0.003098433537971133
NRAS,13,0.015001590641001587
NGF,4,0.00113188733712378
AL136376.1,11,0.0008210099765216479
VTCN1,0,0.001217863454804967
ZNF697,1,0.005011187489630836
TXNIP,10,0.19928128237916692
FMO5,5,0.008311104808999412
HIST2H2BF,13,0.004259497222162004
SF3B4,4,0.016727710729352863
ADAMTSL4-AS1,3,0.0001906428062731897
HORMAD1,3,0.04458657522480989
SEMA6C,13,0.00966848253304308
RIIAD1,20,0.00010485103517046612
S100A10,10,0.1507103073108179
FLG,5,0.0003656396000384704
SPRR3,9,9.169801835626605e-05
S100A9,11,0.0012612616657380396
S100A6,4,0.09564315227030082
S100A4,8,0.006532289987212903
S100A2,11,0.0006894080991980604
S100A16,10,0.045909731658681494
S100A1,5,0.00011984898986136824
TPM3,15,0.054998238217662296
PBXIP1,8,0.05573335431133738
SHC1,11,0.020700462784696488
DCST2,3,0.001503811929848411
FAM189B,13,0.015486652975177373
TSACC,18,0.00019547736778279567
CD5L,9,0.00029900683394372353
SLAMF8,9,9.146001465787529e-05
IGSF9,11,0.01500036674190469
CD84,14,0.00033259876120165697
USF1,6,0.0021894957115230584
PVRL4,15,0.019547910082429187
B4GALT3,16,0.012694217266593208
AL590714.1,9,0.00018583438495385738
SH2D1B,1,0.00014395763579431417
RXRG,14,0.0008249015601996833
ALDH9A1,13,0.04634357811210288
ILDR2,8,0.0009132029144413368
CD247,8,0.0019075976158155776
DPT,1,0.000563315529833895
SELL,9,0.0004010288924388181
SELE,17,0.000129817327656696
MROH9,14,0.0007646896268532335
FMO2,2,0.009998932954367368
MYOC,14,0.00022609351759872
TNFSF18,3,0.00022289072954411688
TNFSF4,9,0.0006671427034311505
ANGPTL1,16,0.0017037934408877494
RGS16,17,0.016917734830592026
ARPC5,4,0.0377873933261144
APOBEC4,0,0.00015717989382988434
COLGALT2,13,0.001228962591110255
FAM129A,15,0.046212195125166236
PTGS2,15,0.003951268133443406
BRINP3,0,0.0039494325849429995
RGS18,9,0.00018307065426195567
GLRX2,8,0.0036242842085440867
KCNT2,3,0.07196328643699233
CFH,2,0.02012115442443218
CFHR4,20,0.00032366483791949484
ASPM,3,0.058030557684396904
KIF14,1,0.017705860237811587
ELF3,0,0.13782382950683394
UBE2T,19,0.006479688492395276
SYT2,9,0.0018905860633345567
ADIPOR1,4,0.018660881846139194
BTG2,4,0.059698182166725004
PRELP,18,0.0004018049680280253
RAB7L1,6,0.008843276944236428
C1orf147,14,0.00037683659486523825
PIGR,2,0.0009509300872405435
FCAMR,2,0.0001573192623865792
C1orf116,20,0.08168167794234764
NEK2,3,0.007317658997291939
ATF3,15,0.028138370605000462
CENPF,3,0.08513111254526869
ESRRG,11,0.012101576822751757
DUSP10,2,0.004794238510361502
HHIPL2,9,0.0001299655586172438
IBA57-AS1,3,0.00011551104862409619
C1orf198,10,0.09957014697500477
SIPA1L2,0,0.003889991050156453
SLC35F3,11,0.02162011833179248
GNG4,0,0.001964655266544011
CHRM3,0,0.007601236543084815
AL646016.1,5,0.00010955740904112429
CHML,20,0.039119589009407194
AC092782.1,10,0.00021038944667659971
RP11-156E8.1,18,0.00013233026990714687
ZNF695,6,0.0033765477689417394
RAD51AP2,6,0.0009819869243636594
NT5C1B,15,0.0016697628442095957
PFN4,18,0.0012577107369558702
ADCY3,5,0.006223192045379454
GPR113,0,0.0019372292113470787
CIB4,14,0.0004609976742049769
CGREF1,0,0.00040636439168489886
SLC5A6,6,0.008093406215335915
SLC30A3,9,0.0001899479621931002
DNAJC5G,5,0.00012701331549807592
UCN,19,0.0009124683190332781
CCDC121,20,0.0016110710139957936
AC110084.1,12,0.0019192328375126897
GALNT14,10,0.0008890226310520516
XDH,13,0.0017056418196799011
AC007401.2,2,0.006137918623872703
CYP1B1,21,0.001020976821194771
CDKL4,5,0.004605606072624269
ZFP36L2,10,0.09652911069951473
SIX2,0,0.00012747653567407645
PRKCE,4,0.13338223303387298
NRXN1,4,0.04559048589621522
GPR75,6,0.002104460135890806
VRK2,0,0.051034267368608506
CNRIP1,21,0.0018800479863646893
VAX2,9,0.00025340386606488346
MOB1A,8,0.04835828968038204
WBP1,3,0.0017155748641196047
PCGF1,15,0.00582271545086601
LOXL3,12,0.0018597259637091938
TACR1,11,0.010232917851897205
EVA1A,21,0.06264625369831474
LRRTM4,7,0.013601880118886425
LRRTM1,16,0.0026593018523140086
SFTPB,10,0.9291527955453679
GNLY,9,0.00034188837479120864
CD8A,9,0.0005402519424807752
ASTL,5,9.498552595533069e-05
DUSP2,7,0.0009019895384496591
ANKRD39,0,0.00543534300566942
FAM178B,20,0.003590286754115838
ACTR1B,4,0.023354715661050667
AFF3,16,0.11250164232975057
CREG2,10,0.0008203676336254106
NCK2,4,0.058127506736526016
BUB1,3,0.01556845457440254
CKAP2L,5,0.016199665949883698
IL1RN,0,0.00024498588271772604
C1QL2,20,0.00015494166231090856
SCTR,5,0.005280939468734583
TMEM185B,18,0.004061261370833656
FLJ14816,9,8.473696608742779e-05
MYO7B,6,0.00024880392148117524
GPR17,2,8.289869902698773e-05
SMPD4,13,0.008949642091181232
CCDC74A,3,0.00034152006993711995
NCKAP5,10,0.11706620500545561
AC011755.1,4,0.00010422939572454988
TMEM163,5,0.1389310692320846
LCT,12,0.0004887852025276568
MCM6,17,0.028760008689222103
LRP1B,0,0.021192363787781582
KYNU,0,0.0014218638640885923
ZEB2,15,0.026259494259886506
RND3,0,0.008922187071868008
CACNB4,3,0.08315830253710522
GALNT13,13,0.0378209023417229
NR4A2,0,0.006499029632000152
CYTIP,12,0.0003552295624676577
ITGB6,0,0.06343429124844886
SCN1A,5,0.004712137446403634
SPC25,19,0.017872899586157367
DHRS9,9,0.00011728196491515828
LRP2,2,0.011952953953231532
AC007405.2,14,0.0012022998271100063
AC068039.1,14,0.00015294139046618285
ITGA6,1,0.0651130278296793
HOXD9,1,0.00012534712223983868
TTN,1,0.038999987859479356
CCDC141,5,0.01540658803272576
ZNF385B,16,0.06401710629299462
FRZB,7,0.0011854290557437434
ZNF804A,4,0.010675733516436694
AC018867.1,1,0.00011742651098017336
AC018867.2,12,0.00037978161780730097
CALCRL,17,0.0095389719885524
COL3A1,15,0.07497853619778116
SDPR,20,0.0763863928966678
TMEFF2,1,0.007081418268657763
DNAH7,0,0.023778168836762304
STK17B,0,0.046155126127216166
PLCL1,19,0.13431118131040926
CLK1,11,0.03329515445374298
FZD5,16,0.018274483063011333
ERBB4,4,0.226183803977683
FN1,4,0.07743891548083737
IGFBP5,10,0.09202666118838289
DIRC3,19,0.015264294440353942
IHH,14,0.0028677005990968406
SGPP2,2,0.03566229967611249
SERPINE2,17,0.004414035355071538
DOCK10,3,0.030546036137842174
COL4A4,12,0.0680799260395519
CCL20,2,0.012211127503546111
PID1,6,0.13218072818809218
NCL,4,0.14588194775507915
NPPC,9,0.00016375577925691816
KCNJ13,17,0.013555598655968476
AC064874.1,9,0.0001979306505471368
COL6A3,15,0.02525490868229141
HES6,2,0.0024082643817609846
AC110619.2,11,0.000614611505862131
PASK,0,0.005295277045922475
FARP2,3,0.06283906172158614
CNTN4,7,0.11500625326845608
OXTR,7,0.010034492243952612
PRRT3,3,0.006450275177886853
FANCD2OS,13,0.000899499022867183
GHRL,2,0.008201208240345828
DPH3,17,0.00544089364928582
PP2D1,8,0.002801932969083112
SGOL1,3,0.01211874796005824
ZNF385D,2,0.03246018469750398
NEK10,1,0.023011964113380533
RBMS3,4,0.4462026787958777
CMTM6,11,0.06307662020583141
TMPPE,14,0.00032072424010479037
SUSD5,8,0.005634092417551534
SLC22A13,8,0.0002672297793915241
GORASP1,20,0.012042450559570006
CX3CR1,12,0.00047522452618041874
CYP8B1,20,0.00019986570364319357
POMGNT2,16,0.00956573731609253
CXCR6,3,0.00017343551060663303
CCR1,0,0.0007037016490296199
LTF,7,0.0006554444500078446
CSPG5,3,0.0012800436302631995
CCDC51,8,0.003470591993111007
UQCRC1,4,0.0549539100673272
ARIH2OS,9,0.0010390487001471517
RP11-3B7.1,9,9.693651604962193e-05
CDHR4,7,0.00015612352012597076
VPRBP,13,0.03598974621864533
ABHD14B,4,0.02561973073910202
TNNC1,10,0.028191050670304935
WNT5A,7,0.0033145050742891353
FAM3D,0,0.002445646016743421
ADAMTS9,5,0.15565779920564107
EOGT,0,0.004779367211578292
PDZRN3,15,0.012750371318037568
ROBO2,1,0.09617639820547415
ROBO1,2,0.11449272411296475
VGLL3,16,0.013142490860586692
MTRNR2L12,4,0.015020657666187338
EPHA6,13,0.022121315931566462
DCBLD2,13,0.17882369753053237
FILIP1L,17,0.026532680050599024
NFKBIZ,7,0.05644563943899712
CD47,10,0.2287598443696372
IFT57,4,0.04517025524276903
MYH15,10,0.0009592558891223432
ZBED2,6,0.00022729053671440068
GCSAM,7,0.0003904916229263486
CCDC80,17,0.002786805550066505
DRD3,10,0.00029922396148015926
LSAMP,4,0.039197753227087406
RP11-484M3.5,5,0.00024262981597731364
HGD,9,0.0005509195223577459
POLQ,3,0.019891183801594426
CCDC58,13,0.011659805686517363
PARP15,9,0.00026073496239537004
SLC41A3,8,0.017774034759200627
CCDC37,8,0.00043900727438179706
RUVBL1,1,0.022239365890749978
GATA2,11,0.0007029253321802046
RPN1,15,0.07348742981779494
RP11-723O4.6,9,0.0002540023392682494
ISY1-RAB43,8,0.0008373048396332668
CPNE4,19,0.03133471879421745
ANAPC13,13,0.015795688420711752
CLDN18,20,0.20729881654500068
RBP2,10,0.0009474273099552418
CP,2,0.009730179166838493
TM4SF1,11,0.006388443664312882
ANKUB1,11,0.015372299782282155
FAM194A,2,0.0009224867530885935
RP11-166N6.3,3,9.899465465347049e-05
GPR171,14,0.00010133651580865446
P2RY14,12,0.001104352120080825
P2RY12,6,0.00026046245713170894
IGSF10,2,0.003911304504807412
TMEM14E,12,0.0005973437464047332
GPR149,20,0.0008653297107102135
C3orf33,4,0.015958064755986094
RARRES1,7,0.006349748289398364
RP11-432B6.3,3,0.014424895440432762
SPTSSB,3,0.008576052018055691
ZBBX,2,0.0018365511383611815
SERPINI2,0,0.002494420694212775
WDR49,2,0.00574951148059206
EIF5A2,7,0.000485107734494524
PP13439,0,0.00039634532262969676
TNFSF10,0,0.002985749350909314
NCEH1,2,0.017274327518786867
NLGN1,2,0.14954059896441485
ZMAT3,11,0.007241244255539499
CCDC39,1,0.010022006650819856
SOX2,15,0.038985955520421535
LAMP3,5,0.16136464990170507
C3orf70,12,0.0014342563135495486
LIPH,2,0.008759939995616042
BCL6,7,0.01702645954216774
TP63,0,0.0028120767789112915
LEPREL1,8,0.18160617991277897
TMEM207,20,0.00041303904218733693
UTS2B,10,0.0006871435115414315
MUC4,11,0.0009214413107435513
TM4SF19,13,0.006608697183668831
CEP19,19,0.001320180193946969
PIGZ,6,0.0008976721005095275
IQCG,16,0.027095496757066184
SPON2,2,0.0019951456937690446
SLBP,4,0.06196385086472425
TMEM129,8,0.015769228124086945
HAUS3,13,0.010528651634560286
TNIP2,10,0.010494605738646905
CYTL1,13,0.00826301028402566
CRMP1,7,0.007300410417156369
PSAPL1,5,0.00014432863511984465
WDR1,15,0.052832854629280515
HS3ST1,7,0.00982707677645758
PROM1,0,0.002472456399718416
LDB2,21,0.015345352642911172
SLIT2,16,0.29296537137369316
KCNIP4,10,0.02279965758361085
SLC34A2,19,0.3386814496106037
CCKAR,3,0.00014240302834688526
PCDH7,7,0.10423275617500534
DTHD1,2,0.0004285710382284819
TLR10,1,0.0002509901187956981
TLR1,15,0.0012189744851489293
TLR6,16,0.0007521883991002167
KLB,19,0.0021869657720988453
DCAF4L1,1,0.0001075742535391209
YIPF7,18,0.0012980235015249688
GABRA4,14,0.00011456543764533607
COMMD8,13,0.00816325678193582
KDR,2,0.00924351437627665
NMU,5,0.00814520837757555
HOPX,10,0.05359881569085389
SPINK2,19,0.00023946811756812172
LPHN3,10,0.098727821722722
TMPRSS11D,18,0.001400293001946115
TMPRSS11F,10,0.0012868595901261311
UGT2A3,14,0.011683350215715626
UGT2B7,5,0.10354620162583388
IGJ,18,0.00024276222483855917
SLC4A4,2,0.38950126288458403
NPFFR2,21,9.603917735226687e-05
ADAMTS3,10,0.05378561808252692
IL8,0,0.0009839378941345568
CXCL6,0,0.0011157951279795323
CXCL1,7,0.006404300932897369
PPBP,18,0.0006456911544909577
CXCL5,2,0.006324276526295606
CXCL3,2,0.006874571103544539
CXCL2,2,0.010759774856151455
EREG,8,0.00031628395086814274
NAAA,2,0.00361241323904034
SDAD1,0,0.03837031555242791
AC110615.1,5,0.0003863965195328799
CXCL10,14,0.0001569580694763319
ANTXR2,10,0.03335939449358226
C4orf22,17,0.025476198483983897
BMP3,8,0.1667014631028674
HPSE,1,0.00197103121085001
HSD17B13,21,0.00567875505327017
GPRIN3,10,0.0021021649899530394
RP11-763F8.1,5,0.0001675918120452111
BMPR1B,0,0.023320104214788574
UNC5C,1,0.03668489708966542
STPG2,8,0.043317693999906516
ADH1A,12,0.0005018585076794192
TRMT10A,15,0.006884772715808466
DDIT4L,1,0.0007100226094485689
SLC9B1,13,0.006755353121050212
BDH2,4,0.02195703527673166
CENPE,3,0.054553209587159465
TACR3,5,0.02695011224310224
CXXC4,14,0.053658117182158356
ARHGEF38,2,0.05836588368962237
NPNT,15,0.07081157431376621
LEF1,3,0.013059084167862983
COL25A1,17,0.013054596532289303
ARSJ,7,0.007906338547862319
PRSS12,2,0.010273176104812293
MAD2L1,5,0.008762802004034157
NDNF,10,0.22303073578013435
TNIP3,10,0.0032489653828155053
ANXA5,4,0.11404665551254368
TMEM155,12,0.006604801998894313
CCNA2,1,0.01276343026299175
ANKRD50,8,0.10821227645878476
SCLT1,3,0.12023757176743381
PABPC4L,20,0.00844203830509895
UCP1,18,0.0001385333959319521
RNF150,7,0.03241261055362508
INPP4B,5,0.08203436122980808
SMARCA5,10,0.3970496002156278
FREM3,20,0.030459976904252367
GYPB,10,0.007635061733841288
GYPA,9,0.003890834806854886
HHIP,3,0.021383965016603956
TTC29,1,0.002515828089057766
C4orf45,15,0.0036061914960755104
FSTL5,3,0.005637280386070121
NPY1R,5,0.0001406354459537086
TRIM61,8,0.004022990156597685
TLL1,2,0.012009420213342437
HMGB2,1,0.06370977366307455
SCRG1,2,0.0009883716417039335
GLRA3,19,0.0007713707810198614
GPM6A,10,0.03685040462732538
SPATA4,1,0.0003340853093779574
VEGFC,3,0.02613143725670564
CLDN22,6,0.0011201959151257786
IRF2,15,0.039095720370264396
ACSL1,2,0.0064979277192233325
KIAA1430,8,0.0314163370114296
SNX25,2,0.05208530197785822
CCDC110,8,0.0007850341400712392
SLC6A3,10,0.00047588228437923745
IRX2,8,0.18541238587809755
MED10,4,0.015534081231155284
ADCY2,7,0.02425946286974549
SEMA5A,4,0.05669841878217235
CTNND2,8,0.06363536150372084
DNAH5,7,0.007276342029598059
CDH12,0,0.008219469980754894
C5orf17,13,0.036183776154711425
CDH10,6,0.01772009206609477
ADAMTS12,0,0.009777437562759575
PRLR,3,0.025704633596820438
RANBP3L,21,0.000837440208490524
GDNF,9,8.210445484927073e-05
FYB,9,0.0010436453467810177
SEPP1,10,0.07379520519728358
CCL28,0,0.00044482087158213845
FGF10,1,0.017095521909168875
CDC20B,2,0.003860652697630162
CCNO,3,0.0007675155281406018
DEPDC1B,1,0.01886142846815551
ADAMTS6,5,0.21274187289667165
CENPK,5,0.04915744411305472
CCNB1,1,0.016938051559802724
ZNF366,7,0.00024382487060097444
ENC1,1,0.12691682063292697
GCNT4,9,0.00021414311557462734
S100Z,0,0.014640188368782234
HOMER1,0,0.03455588002299198
DHFR,13,0.014721213725252653
VCAN,0,0.04413693796757189
HAPLN1,11,0.0010660261597342702
EDIL3,19,0.051581436686480985
AC008394.1,9,0.00012735726927132164
RASA1,5,0.12130359656056526
ARRDC3,15,0.06378264193557202
KIAA0825,11,0.07859437660973888
GLRX,6,0.016704803493463403
C5orf27,20,0.00014215781906566318
ELL2,1,0.12133111467236306
PCSK1,14,0.0005962095651522619
ST8SIA4,7,0.007897889684588226
SLCO4C1,2,0.01215577175062003
EPB41L4A,15,0.09278259307031944
FEM1C,3,0.019511990959298335
CTD-2287O16.3,8,0.0005703070538414341
SEMA6A,2,0.023456318077762467
PPIC,7,0.0097147917518533
MARCH3,3,0.02430989373055353
CHSY3,20,0.04248078777414635
CTC-432M15.3,14,0.0005278934514878359
IRF1,0,0.012996936322915417
CXCL14,15,0.01023166013122004
TRPC7,5,0.00032698317682386624
CDC25C,3,0.020606192445898282
EGR1,15,0.09289606776643544
HSPA9,0,0.07959741566421553
LRRTM2,0,0.0011925505976466432
PCDHA1,14,8.534773910251065e-05
PCDHGA5,20,0.00035233690299185585
PCDHGA12,12,0.00013564265868362267
SPRY4,7,0.004659866305202244
FGF1,5,0.004255700607781054
JAKMIP2,3,0.007041228311013589
SCGB3A2,2,0.28293738062765106
C5orf46,2,0.01591747282572813
SPINK5,0,0.0013633945461424659
TIGD6,6,0.0025890859814196167
CSF1R,12,0.0011391700705232072
CD74,7,0.05376593165637148
DCTN4,13,0.07468116781923324
FAT2,0,0.0004140412034534947
NMUR2,9,0.00015980775616340802
HAVCR1,5,0.00040549766497633907
MED7,12,0.0072072048082409785
EBF1,3,0.008320252430076239
UBLCP1,5,0.03029204645863133
C1QTNF2,7,0.0007816556492316757
AC112205.1,8,0.0016436061356032133
SLIT3,0,0.009515583064021383
LCP2,10,0.000647749154017235
KCNMB1,12,0.0003073214654797377
DUSP1,4,0.1285493556781843
SNCB,21,0.00017453525551017118
HK3,1,0.00014447210070928242
MXD3,3,0.02154416319133863
PRR7,3,0.0006068045292359239
DBN1,16,0.054237043302766824
PDLIM7,13,0.020144964073296214
FAM153A,1,0.00024551152100695737
GRM6,9,0.00024219172872283552
RASGEF1C,6,0.0012681843766351173
SCGB3A1,0,0.009620679093072083
BTNL8,12,0.000210561534007639
C6orf195,9,0.0002973182871967204
F13A1,19,0.0014008806627605302
TFAP2A,0,0.00110572440088902
MAK,13,0.016129723744610722
ERVFRD-1,20,9.938475648169449e-05
NEDD9,10,0.12857505264351818
ADTRP,9,0.0021469630594760443
PHACTR1,8,0.1433639264374737
NHLRC1,0,0.001207674550718258
C6orf62,17,0.0793902229498839
SCGN,5,0.001069635162798486
HIST1H1A,1,0.011236321476153055
HIST1H1C,6,0.01727030870405059
HIST1H4C,17,0.04778791893478365
HIST1H2BC,6,0.011110948168995273
HIST1H2AC,8,0.09933284028740992
HIST1H1D,1,0.020734670530834293
HIST1H3G,5,0.0003237857291510069
HIST1H4H,3,0.0004717733133710689
BTN1A1,6,0.00010292937380677796
ZNF322,6,0.004233810503114199
HIST1H2BJ,5,0.007812168444738843
HIST1H2BK,6,0.03435968564217739
HIST1H2BL,1,0.00011721916352401656
HIST1H2AK,18,0.00010056958509985337
HIST1H2AL,14,0.0001404545465491236
HIST1H3J,16,0.0008922051168432943
GPX6,21,0.0015711924816966282
RNF39,11,0.0003577595262033992
PPP1R10,4,0.03373560664029467
PPP1R18,12,0.0033928942742740774
FLOT1,17,0.05512376571089349
IER3,7,0.009780756257370548
DPCR1,18,0.0002504147133350572
HLA-C,13,0.03135244263304989
HLA-B,0,0.012017286408915764
MICB,8,0.000915099741383728
ATP6V1G2-DDX39B,1,0.0006846592662080095
XXbac-BPG32J3.20,5,0.00031764184409937055
SLC44A4,0,0.01183939146800677
ZBTB12,9,0.00038709841527446043
AGER,10,0.1135259484188119
PBX2,10,0.017068595755299436
GPSM3,18,0.0024042565758780467
HLA-DRB5,18,0.0002601154304874399
HLA-DQB1,18,0.00039773025778411827
FKBP5,6,0.0048732022130057685
ARMC12,18,0.00012422544133145697
BTBD9,2,0.4165328529016096
SAYSD1,17,0.006490169434562117
UNC5CL,5,0.0024205487836291926
GUCA1A,20,0.00012773069224395695
PRPH2,21,0.0011251092159995678
SLC22A7,1,0.00014926147378734001
GTPBP2,11,0.020156196980730533
CAPN11,9,0.00012122822352437075
CLIC5,10,0.04376173538427254
RCAN2,2,0.010381471848690645
ANKRD66,7,0.00012302369094295643
BMP5,17,0.030548751726973026
COL21A1,19,0.00742313521179902
DST,0,0.045724558606499405
LGSN,1,0.0002927544124820445
BAI3,2,0.0405052031059738
RIMS1,0,0.00948540496464511
KCNQ5,4,0.01867950661983147
MB21D1,7,0.004633181400419238
COL12A1,16,0.01310546195622204
FILIP1,21,0.16324287634782936
IMPG1,18,0.00037513081785555134
FAM46A,2,0.0444174081796137
TBX18,18,0.00014552667539925688
AKIRIN2,4,0.02123008353859824
BACH2,0,0.01086001428170183
EPHA7,5,0.1505713478374678
FAXC,4,0.012792894971941231
QRSL1,13,0.02961630889490472
LAMA4,2,0.03462088123382776
HS3ST5,3,0.003193191351110489
COL10A1,6,0.0023356191170896914
TSPYL1,16,0.03360213746136999
FAM26E,12,0.0005217032861476054
FAM184A,19,0.29539995195028174
MAN1A1,19,0.16384280311761282
NKAIN2,8,0.07838900775581249
SOGA3,6,0.0028588088954597498
CTGF,4,0.050092592644779305
VNN3,7,0.0009379247523061012
IL20RA,14,0.0007016305435740481
PERP,15,0.05134295361643191
TXLNB,17,0.0004000728528007553
CITED2,15,0.06759584306418959
NMBR,9,0.00037059335988308493
HIVEP2,3,0.07787244002825036
ADAT2,0,0.02112099502206141
FUCA2,6,0.028887833963582913
FBXO30,11,0.009082358500226248
SAMD5,3,0.06805061888689728
UST,3,0.06546076096977806
ZBTB2,8,0.03828597753102512
FBXO5,17,0.012984591615906493
RGS17,7,0.0038235605706764993
AL590867.1,18,0.0003910120090930689
CNKSR3,0,0.15707907856191103
EZR,15,0.1538246125582923
SOD2,7,0.09261337069676676
IGF2R,8,0.30428578811864787
SMOC2,4,0.034327160534354105
DLL1,11,0.0009249570347105725
ZFAND2A,6,0.0036485120098888697
UNCX,5,8.566049480593756e-05
PAPOLB,5,0.00031565641484227245
ACTB,4,0.36401014094719797
ZNF12,17,0.025012303658530785
GLCCI1,10,0.14989344772272936
NDUFA4,4,0.09673786328679182
THSD7A,5,0.21194528723754952
ETV1,3,0.08958947145192876
MEOX2,13,0.018402260737461606
AGR2,0,0.06204108314561635
AGR3,7,0.017820775004059493
HDAC9,7,0.007322579991699296
TMEM196,20,0.0005355903568294492
RAPGEF5,11,0.06947564073223601
DFNA5,8,0.0020906311689880973
SKAP2,7,0.015021018682628376
HOXA2,8,0.0005285109426969298
HOXA5,17,0.003539087213269661
CPVL,14,0.0030946513655614166
CRHR2,12,0.00011283440287542769
AQP1,1,0.11012411297083813
TBX20,3,0.00026715899308664247
ANLN,1,0.022698875080445033
AOAH,6,0.002098817861496768
SFRP4,11,0.004868554692054637
POU6F2,11,0.0028173259704094814
POLD2,0,0.013526252528190253
IGFBP3,0,0.003846987433459224
COBL,4,0.02727575747369194
SEC61G,7,0.04837558530839366
TRIM50,1,9.125224245076433e-05
SRRM3,13,0.003006479643053274
MAGI2,2,0.08680398448801285
CD36,19,0.24355014943076986
SEMA3C,17,0.32201980705772665
CACNA2D1,2,0.03405362759480192
PCLO,7,0.11465838030301714
SEMA3E,8,0.23545532347594655
SEMA3A,4,0.030219929993403255
KIAA1324L,19,0.06583724221700861
STEAP4,2,0.06956963068032253
ZNF804B,5,0.027681793557915686
SAMD9,16,0.006532494152214445
CALCR,1,0.015649551428177196
COL1A2,15,0.07703401507531664
AC002451.1,6,0.0001554679480776186
PDK4,10,0.0048586200499402795
PDAP1,16,0.023885795219305873
GJC3,20,0.00017839173511622215
AZGP1,7,0.00014817402972356957
TAF6,4,0.01662220082346251
C7orf43,4,0.004374078106023027
ACHE,14,0.0040090133720233
RP11-514P8.6,6,0.00598110695315797
SLC26A5,19,0.016714345246979574
NAMPT,2,0.06202645692157945
CCDC71L,3,0.0036664433769995597
NRCAM,1,0.06382523286685193
LRRN3,19,0.13575247926197712
DOCK4,3,0.16443501278731593
PPP1R3A,5,0.029132344143293753
FOXP2,5,1.0425211055359211
TFEC,10,0.0003948795841533372
CAV1,10,0.0640472295772202
AC106873.4,14,0.00017767494155283934
WNT2,6,0.004687832491369741
CFTR,17,0.1740644412174691
PTPRZ1,2,0.1692300998551823
ASB15,9,0.00010555725226771042
GRM8,2,0.006041563165905799
GCC1,15,0.005046121315862189
SMKR1,9,0.0001737761237428716
UBE2H,11,0.19186073823202268
PLXNA4,4,0.010684219040694833
SLC13A4,17,0.0017469923280241596
LUZP6,20,0.0001022970809910614
PTN,2,0.027781743943351173
DGKI,1,0.006050670790651033
ZC3HAV1L,11,0.005383109382737281
TAS2R3,12,9.87525513608301e-05
MTRNR2L6,14,0.00030015170209258635
TRPV5,10,0.00035250439348481316
ARHGEF35,11,0.0006951346154158535
CNTNAP2,11,0.03899619990694785
EZH2,1,0.06391148443535839
PDIA4,1,0.1172402625845839
ZNF786,13,0.01193916828474978
GIMAP6,12,0.000631915866596846
GIMAP5,12,0.0006749828542516825
CRYGN,20,0.00019463753901475107
AC009403.2,6,0.016065600172228602
C7orf13,13,0.005086891188281713
AC005481.5,1,8.660704466049914e-05
NCAPG2,1,0.031183352247245225
ANGPT2,11,0.002263404081994671
AGPAT5,0,0.043321392944133764
DEFB1,3,0.00019811724446354827
RP11-297N6.4,6,0.004140526703608792
SGCZ,10,0.010082610428236412
FGF20,5,0.01908463004470935
CSGALNACT1,2,0.006544040455937825
LZTS1,19,0.0016892637909383945
SFTPC,5,0.830051861895642
EGR3,17,0.00039399336417148635
LOXL2,16,0.01743201193376235
AC051642.1,12,0.00012270797148558488
NKX3-1,2,0.0010023437022684606
CLU,2,0.23355677167701444
DUSP4,0,0.001859682133567797
NRG1,15,0.029532367457851615
RAB11FIP1,4,0.12029860019573659
C8orf86,14,0.0009346227075612555
TM2D2,21,0.014876346095456986
ZMAT4,11,0.0022656118013117013
CEBPD,2,0.20127937441575283
EFCAB1,2,0.0011293777263899913
PXDNL,5,0.06747142023394222
SOX17,5,0.00036640080987016807
TMEM68,7,0.042375145337405426
LYN,0,0.02302599593987917
CA8,2,0.007108760866199671
CYP7B1,8,0.07267174005012259
RP11-664D7.4,9,0.0002605404918418817
SULF1,2,0.0035778978748797732
SLCO5A1,19,0.009755708463686008
EYA1,0,0.008069867771203009
TRPA1,5,0.00016060647861953445
KCNB2,0,0.0023065017839104265
SBSPON,14,0.008960394696448713
IL7,4,0.006823773691020815
HEY1,1,0.00037100434754816096
PAG1,7,0.01857938764260721
RALYL,1,0.03824618448764283
RP11-219B4.5,8,0.0011771818379771785
RP11-219B4.6,9,0.0001206870046515415
CA1,13,0.0019807787268067544
CNGB3,16,0.0033332465104756906
MMP16,3,0.040551405522779485
NECAB1,12,0.0034238224728820707
FSBP,5,0.00155279494825299
CCNE2,14,0.0075961510053644595
SNX31,19,0.0008886285342275779
NCALD,8,0.0793915182023522
KLF10,8,0.02779672804913887
LRP12,13,0.027105589475607653
SYBU,1,0.011853613897458941
KCNV1,2,0.00012741087901678208
TNFRSF11B,1,0.000885838229662637
HAS2,6,0.004472555962231384
ZHX1,4,0.01966000130307189
ATAD2,3,0.04642251983458821
FBXO32,11,0.0028733826057139597
ADCY8,5,0.1035406234687648
KCNQ3,19,0.0028750745909874057
NDRG1,7,0.08686321706488637
ST3GAL1,2,0.009883581288073384
GPR20,11,0.00030835453899913547
ARC,14,0.00025115220981679684
LY6D,20,0.00013144627728111052
GPIHBP1,6,0.00044502344348793264
ZC3H3,17,0.018437221929751956
CPSF1,17,0.03341803308314373
TONSL,6,0.003526510263905236
FOXD4,9,8.349651086365009e-05
GLIS3,7,0.0283422345159326
INSL6,6,0.0004489073372541132
RLN2,17,0.0009627199241209957
RLN1,20,0.0002704829541027836
PLGRKT,13,0.01803408811268256
IL33,0,0.003674816784764018
PTPRD,3,0.6354512146273565
BNC2,0,0.01895273970221964
ADAMTSL1,10,0.15183656475579155
FAM154A,6,0.002242320433632544
KLHL9,11,0.026453149286238056
LRRC19,21,0.0011858448032727343
SMU1,15,0.03720778887873578
B4GALT1,0,0.09838138349192638
BAG1,4,0.021034083637896633
DCTN3,4,0.01890429103528485
SIGMAR1,2,0.022818901842208417
CCL19,1,0.00017056929217574071
CCL21,16,0.009356777641534664
FAM214B,21,0.007437917157334829
SPAG8,1,0.0004923611715153115
FAM221B,2,0.0006449176822224213
ANKRD18A,6,0.007765711220322097
CBWD5,6,0.000992210374511419
AL358113.1,6,0.0003829965698961906
FAM189A2,8,0.1457372195773081
TRPM3,1,0.05237817801997107
C9orf57,14,0.00017232878548571824
ZFAND5,7,0.09489229245252795
ALDH1A1,2,0.023268797887976023
ANXA1,15,0.03445016016283778
C9orf40,1,0.004508932991347754
RFK,4,0.009562939663815268
FRMD3,16,0.028682801278867184
HNRNPK,4,0.14365959026202457
NTRK2,16,0.004760923383904927
C9orf153,12,0.004166208046772133
GAS1,16,0.0025308143980089844
CENPP,5,0.07862880895483178
ASPN,19,0.0011951162137024492
FBP1,11,0.0340536188335983
CTSV,8,0.0006658981714121421
LPPR1,1,0.12608611603704295
BAAT,6,0.0017998807464234424
ABCA1,10,0.054708218726048016
SLC44A1,0,0.14964115616666027
KLF4,14,0.0019084598009197205
C9orf152,13,0.007119756646942806
TXNDC8,20,9.778516288348499e-05
C9orf84,21,0.015382029558676276
TNFSF15,3,0.05861754310163573
TNFSF8,5,0.021432929777181003
TNC,5,0.10897206822370188
STOM,4,0.035892597539998745
PDCL,16,0.024550626787170734
LCN2,7,0.011948746836363265
CIZ1,13,0.028597844910995956
SH3GLB2,16,0.032230579247128466
C9orf50,5,0.0004291501676100831
PTGES,0,0.000183796682304768
GPR107,15,0.05574310443239093
FAM78A,21,0.0009168294882027564
C9orf116,1,0.003405373178411922
CARD9,9,0.00022930902872180463
SDCCAG3,16,0.010319081965107885
INPP5E,15,0.0074781772986025055
CLIC3,10,0.07304210267201541
ABCA2,13,0.019602041986078178
ANAPC2,4,0.009450696988140382
RNF208,8,0.012757994206078331
FAM166A,0,0.00710978916088796
ENTPD8,12,0.0003626630491061961
TUBB8,11,0.0018464999356404802
KLF6,15,0.054618417996485966
AKR1C2,12,0.0009895131156964585
AKR1C3,14,0.0013370407161555733
UCN3,1,0.00018803899140472147
CAMK1D,0,0.007374529246298512
CCDC3,0,0.0036337488966997626
C1QL3,1,0.00012427439981369044
CUBN,1,0.016198386810943793
ST8SIA6,0,0.0016868465859386738
PLXDC2,4,0.10887357817816481
CASC10,12,0.005800100106646532
C10orf67,5,0.00016751439824070038
ENKUR,2,0.0032132815105500785
ARMC4,2,0.012154540019348717
KIAA1462,3,0.01982863662704097
FXYD4,20,0.0001930188091104396
CXCL12,13,0.006429063117010446
C10orf10,7,0.006746244125639486
PTPN20A,1,0.00011596001756231602
GDF10,1,0.0022124289904649035
PTPN20B,18,0.0003311406858938297
AGAP7,5,0.00101164572675841
A1CF,12,0.0003690448280885643
PRKG1,3,0.1262307599741521
TMEM26,5,0.0017849292996913204
RTKN2,13,0.042556769266023295
CTNNA3,8,0.43664338735152597
TACR2,18,0.00012580827973301208
PPA1,17,0.040530701804918995
NPFFR1,19,0.002074277069820199
AC022532.1,5,0.000402505991038647
C10orf54,21,0.004570312889257869
MYOZ1,12,0.0018507528313101936
SYNPO2L,19,0.0015076181107092554
AGAP5,13,0.003536350181167223
RP11-574K11.31,18,0.0006212601024993203
C10orf11,3,0.2492981511706893
SFTPA2,7,0.0019186493479738948
SFTPA1,3,0.04207569728511074
NRG3,15,0.026062311311568175
GLUD1,0,0.04757451296383493
PAPSS2,0,0.04007647135177563
RNLS,17,0.026908221397322737
ANKRD22,2,0.0006103561008816436
ACTA2,15,0.011334867964948803
SLC16A12,10,0.006261170690564204
ANKRD1,8,0.0004925701840217505
FGFBP3,9,0.0023214485801765212
CYP2C8,6,0.005196549515049538
FRAT2,4,0.003720177960263351
AVPI1,4,0.009201940580536232
SFRP5,6,0.007929841228911388
LOXL4,15,0.0019903520312867075
HPSE2,15,0.02411359390620981
PKD2L1,12,0.00029986496113070855
KCNIP2,21,0.002614590771773475
C10orf95,12,0.00039254188088721565
CYP17A1,15,0.045552075163377725
COL17A1,11,0.0009693630249035672
ITPRIP,16,0.01900023874267704
SORCS1,13,0.058282408599722085
HABP2,19,0.0008746846459492835
PLEKHS1,11,0.0003863402647657502
ADRB1,8,0.001012151404040897
TDRD1,8,0.0008281373528204544
GFRA1,2,0.002591760624331023
NANOS1,14,0.00222622302147361
DMBT1,3,0.013781054129808125
IKZF5,16,0.016812546381981985
OAT,0,0.01662794872412357
ADAM12,1,0.04580613086209908
C10orf90,1,0.12344953195711575
FAM196A,6,0.003204327515332206
MKI67,2,0.0708609958847773
EBF3,18,0.0011546027876292726
TTC40,11,0.002298878446720443
SPRN,21,0.0021728034802537
CYP2E1,9,0.0006005604878340684
IFITM3,15,0.0944416942587715
HRAS,11,0.011087332672969715
MUC5AC,18,0.0010877894497792512
MUC5B,7,0.001788061568517576
TOLLIP,11,0.019074392724914742
IGF2,4,0.1329443326620979
C11orf21,9,0.0002089801106463103
CDKN1C,10,0.11824687006201681
ZNF195,16,0.03250855510122551
ART5,14,0.00018884844620166349
CHRNA10,19,0.0010472535178933692
TRIM21,4,0.006175900330335165
OR52H1,1,0.00018364054196449563
ARFIP2,15,0.02668929358298655
TPP1,8,0.024933794085332958
ZNF215,12,0.0002831491774941151
OR5P2,9,0.0003477531234952146
LMO1,10,0.0004648758426069225
EIF4G2,4,0.17399856767670235
CSNK2A3,18,0.00038467735712138833
DKK3,2,0.005958499883534456
CALCA,7,0.00033445202897451897
INSC,14,0.0003097562174024568
E2F8,1,0.03834610117942756
NELL1,14,0.00625339601483052
CCDC179,1,0.00014499181097757347
MUC15,7,0.0005723612712372848
CCDC34,2,0.010124050924926369
LIN7C,10,0.016483032230127082
KIF18A,7,0.01801054666265942
MPPED2,5,0.018531383932478735
DCDC1,1,0.01723151316031618
CCDC73,3,0.0037878153353075516
EHF,0,0.017269271874018884
LRRC4C,7,0.015897128631028958
CHST1,0,0.0003478833536597332
HARBI1,5,0.0019120785914499149
BTBD18,9,0.0004503467188209782
GLYATL2,7,0.005119455026211233
MPEG1,9,0.0005372433302242488
PTGDR2,12,7.707370655555511e-05
FTH1,15,0.05733624015696769
SCGB1A1,0,0.006286928880206245
AHNAK,4,0.08262818294711397
MIR3654,14,0.0014916923005527394
MTA2,17,0.025750101181645144
INTS5,4,0.008361255139417316
C11orf48,11,0.012839198041550367
CHRM1,9,0.00013207062624155015
HRASLS2,7,0.0022598147692225864
PLA2G16,9,0.0012638130740812237
PYGM,8,0.0009446307127019562
CDC42BPG,11,0.002617591288192677
CDCA5,3,0.006743690529242531
KCNK7,1,0.00016060485639210497
OVOL1,2,0.0004391034153409586
GAL3ST3,9,0.0002959801828256996
RP11-1167A19.2,21,0.00206743436667752
SPTBN2,4,0.008204684313731827
KDM2A,5,0.22309438887111877
AP001885.1,1,0.00013913302459906502
CLCF1,21,0.007935328872307029
PTPRCAP,11,0.0020141939110982425
CORO1B,8,0.03800416471725376
ACY3,18,0.00027081932699667344
UNC93B1,4,0.010696572715050931
ORAOV1,0,0.010793211984739915
LAMTOR1,8,0.027926921706096973
COA4,4,0.017870469109011897
UCP2,15,0.0115322042848774
P4HA3,6,0.001355655552825826
LIPT2,10,0.0008716906691943947
KLHL35,16,0.0015701698162113803
DLG2,5,1.0691984054757901
TRPC6,4,0.03378190216309131
ANGPTL5,14,0.00016699254441109433
BIRC3,3,0.018479126593610173
MMP7,7,0.0022680423459596564
PDGFD,13,0.025007426705875115
CASP1,5,0.0006531091592948258
GUCY1A2,13,0.0406962340809298
POU2AF1,11,0.0007622087474363871
IL18,20,0.0023261405070572
C11orf71,13,0.0035560177947209187
NXPE1,18,0.0003537058925448986
NXPE4,1,0.00028676572332700536
SCN4B,18,0.00020522622788016518
MPZL3,10,0.012324061466850748
CD3D,9,0.00025423754803146297
RP11-770J1.5,18,0.0008951002707139138
TREH,18,0.0005470844146603939
HYOU1,0,0.03499298369392908
H2AFX,5,0.04430998933975524
MCAM,7,0.018316003729641425
HSPA8,6,0.03659582649560425
ROBO4,7,0.0020552094625594544
ACRV1,6,0.0005831594016732133
ETS1,11,0.006872788202914084
BARX2,7,0.0008478264575715746
OPCML,15,0.010296023885680985
SLC6A12,12,0.0005546820447023196
SLC6A13,10,0.0013939234698670268
FBXL14,11,0.012949626367683145
NRIP2,8,0.0007525307685373352
EFCAB4B,6,0.001587993379253385
KCNA5,1,0.00011584920735899774
ANO2,13,0.002991110286291115
VWF,21,0.003985700822207896
SCNN1A,19,0.0017911464143972006
RBP5,12,0.0009392841508412477
GDF3,14,9.933959213250541e-05
SLC2A3,4,0.03582854847536521
C3AR1,6,0.00012504466778436734
CLEC6A,1,0.0001781582126445246
MFAP5,14,0.0005383892175390785
A2M,8,0.03293027334673775
CLEC2B,18,0.0005961719670280118
CLEC12A,9,0.00018580652243900162
CLEC1B,9,0.00011321116429070959
CLEC1A,2,0.0007419344555767505
OLR1,20,9.059953594121645e-05
KLRC4-KLRK1,9,0.0003549092299386848
STYK1,2,0.002263959269912613
TAS2R20,20,0.00010525146095939576
TAS2R19,9,0.0002720534115750349
TAS2R46,20,0.00016194601166152103
PRB1,5,0.00022046159940562862
MANSC1,1,0.013270084202884662
APOLD1,1,0.04117210718088784
GPRC5A,4,0.10781290706790499
GSG1,5,0.00012881985252571952
GUCY2C,8,0.002375122392320946
ERP27,13,0.015447011831539981
RERG,13,0.004014600515666029
SLC15A5,20,0.0002531335969085882
LMO3,7,0.03371970880583773
RERGL,5,0.009922591297260263
PIK3C2G,1,0.339984571764757
PLCZ1,2,0.0028818227571420518
SLCO1A2,20,0.0011291641685493674
RECQL,15,0.018403980713812104
GYS2,2,0.001573072802318747
ABCC9,14,0.010238766817971721
LRMP,0,0.0031195299231512354
MANSC4,9,0.00010267373053263082
PTHLH,2,0.0013627839183540718
OVCH1,10,0.00024983360194136457
CPNE8,4,0.01162476322300639
SLC2A13,3,0.06593161516203627
NELL2,4,0.04905530402202569
SLC38A4,6,0.0020293973147211073
RND1,7,0.0049222047172427326
TUBA1B,1,0.24610723101053708
MCRS1,1,0.017042900755909918
FAM186B,14,0.0022134699212175077
RACGAP1,1,0.015368186687277715
NR4A1,0,0.08311611947917834
KRT5,0,0.0006997583643855578
KRT4,11,0.0036142678200097493
KRT8,4,0.20001432055875248
ITGB7,18,0.0006483831258143544
CALCOCO1,8,0.03087176371321769
ZNF385A,1,0.0076222011448423485
PPP1R1A,14,0.0014533009020269892
TESPA1,18,0.00016199315846133114
DNAJC14,4,0.010735589422104013
WIBG,21,0.013153673437471586
RP11-603J24.9,9,0.0008530053836951272
RNF41,8,0.01920634897031448
NACA,10,0.10581414417892103
RDH16,0,0.0002881907813285134
ZBTB39,13,0.005241226903640964
NDUFA4L2,7,0.0015844262223575231
SLC26A10,18,0.0002784288854833961
METTL1,6,0.005797372742187581
FAM19A2,6,0.01902195556207547
C12orf61,12,0.00011783551433540372
PPM1H,3,0.0793144951461925
C12orf56,7,0.0011262013933313942
RP11-366L20.2,0,0.0038281643904194687
AC090673.2,0,0.0018729933255060894
BEST3,0,0.00051604157047913
PHLDA1,10,0.010598151612409375
BBS10,13,0.011569998770599874
CSRP2,3,0.003779274150211667
E2F7,14,0.010118125544253375
AC073569.1,1,0.00040928450823235707
PTPRQ,10,0.050876159686959584
PPFIA2,4,0.009842468920264802
SLC6A15,5,0.0007368524478014428
KITLG,2,0.02112710916173749
DUSP6,2,0.034269282340835
GALNT4,18,0.0016722666836636387
POC1B-GALNT4,0,0.004988140256256643
DCN,15,0.045006592990786146
C12orf79,3,0.11472864854218004
PLEKHG7,0,0.0016714296413597443
RP11-181C3.1,14,0.0006240220584393631
ANKS1B,20,0.03771794340905967
SYCP3,12,0.0019911163610800515
IGF1,13,0.004680001242489224
ASCL1,21,0.004798484139312022
EID3,1,0.0009379935252800223
CHST11,5,0.174404377682645
SLC41A2,2,0.029058928096318253
CORO1C,15,0.0236369186306927
TBX5,6,0.005827638022518318
TESC,1,0.13295498457310964
WSB2,11,0.020523661465731556
CIT,7,0.036087510670614255
MSI1,4,0.02240685139234852
AL021546.6,3,0.0003336210472988186
RHOF,8,0.0160989891399716
TMEM132C,4,0.014201121277870304
TMEM132D,20,0.061615905590184226
FZD10,1,0.00015699529661209832
GALNT9,14,0.0003466581360901746
ZMYM5,16,0.04460209317985666
GJA3,8,0.020103549426374146
GJB2,0,0.001214672666089978
C1QTNF9B,5,0.00015950688974867235
RNF17,9,0.0018304303470467803
SHISA2,5,0.023197130071902654
GPR12,20,0.00021134770394179138
RASL11A,19,0.0039357640281021625
FLT1,3,0.0036154190458365667
ZAR1L,3,0.00015835914181516346
RFC3,13,0.08088359697798068
CCDC169,6,0.009480852067404604
POSTN,19,0.018055040836634402
LHFP,7,0.03855768858824926
KBTBD6,21,0.016867450074455195
EPSTI1,13,0.002174291829031786
ENOX1,2,0.01339041318680329
CPB2,14,0.0006689701630994334
AL136218.1,6,0.010081933042369675
DIAPH3,5,0.10065475478379166
PCDH20,20,0.02863726023020555
PCDH9,17,0.05431888352134125
DACH1,0,0.02458536323430429
MZT1,2,0.01193746036620509
KCTD12,13,0.08113008371567973
SCEL,0,0.0007316795503195102
EDNRB,19,0.14366802710730095
POU4F1,9,0.00020577593030135177
SLITRK6,7,0.0028400807022215613
GPC5,8,0.8874227463553189
GPC6,17,0.125371032608071
DCT,9,0.0007917149714268
ABCC4,3,0.26687559357466767
HS6ST3,17,0.005499723163918821
GPR18,3,0.0006123324875864466
GPR183,18,0.0013743931157119207
FGF14,15,0.01246856715046382
SLC10A2,1,0.011989589081466492
FAM155A,4,0.059276422151447135
GRK1,0,0.0009945449239984283
GAS6,20,0.01517826154146235
TPPP2,12,0.00011955819924934015
AJUBA,10,0.019421223706070165
CMTM5,5,0.0001045965938797345
NRL,5,0.002323954775130813
IPO4,15,0.009582082062033885
STXBP6,4,0.020219366283767946
NPAS3,2,0.028356260836998336
NFKBIA,3,0.07473509441480106
SLC25A21,5,0.050771072615903
FOXA1,3,0.051516389640759726
MIA2,14,0.00016744100438767544
MIS18BP1,3,0.08358128857305906
PYGL,7,0.003555651466302061
TRIM9,2,0.002074557829193757
ERO1L,7,0.052167487372331026
GNPNAT1,17,0.01592942463326096
BMP4,10,0.07454949232756361
GMFB,8,0.010877739235246302
SAMD4A,17,0.02136813401315884
WDHD1,13,0.030068750912456803
DLGAP5,2,0.017924522361124563
RP11-1085N6.3,12,0.0009980026111207894
AL391152.1,12,0.00010762394039032344
TOMM20L,12,0.0005277037728514555
ESR2,1,0.032795739140521196
ZFP36L1,0,0.39487177184731953
SLC10A1,20,8.903266546943163e-05
SLC8A3,5,0.010713210129424767
COX16,16,0.027820290760312918
ADAM21,9,0.0002241043317658391
HEATR4,17,0.027339662198651877
FAM161B,6,0.007869504193193962
NPC2,19,0.5014079269065685
LTBP2,15,0.0022976534933397117
TMED10,2,0.08628251144137505
FOS,15,0.09949039419102337
JDP2,4,0.04605564777979
IRF2BPL,20,0.06368267201596114
NRXN3,15,0.06711297322851544
CEP128,7,0.06511290627564822
KCNK10,3,0.001967095264187138
RP11-944C7.1,9,0.0001562089589449888
CTD-2547L24.3,14,0.000632935045165597
AL133373.1,1,0.00012920967315538124
CATSPERB,7,0.03209855670611298
TC2N,7,0.06699438384456102
TCL1A,18,0.00014730224330775953
C14orf64,6,0.004101092836006833
TNFAIP2,7,0.007972956398997737
XRCC3,6,0.007246485579655833
CDCA4,13,0.013118311030282707
NDNL2,21,0.011701625114935454
ARHGAP11B,1,0.040456554421193065
FMN1,1,0.20552485051803407
RASGRP1,1,0.011476435207465016
THBS1,1,0.05190628129927715
PHGR1,14,0.00012805724131795918
DISP2,12,0.00043484131680942114
CASC5,1,0.02703391459552585
PPP1R14D,18,0.00048063892872530974
RHOV,0,0.0005666413490001289
NUSAP1,3,0.04617996850121773
AC073657.1,1,0.0007136547129569749
EHD4,3,0.014304688396158357
PLA2G4E,3,0.00013129768812538951
CKMT1B,9,0.0002255823079216644
RP11-296A16.1,15,0.004775093696332986
FRMD5,1,0.06564739820848607
SHC4,5,0.007977637669306143
LYSMD2,12,0.001242824702415869
MYO5A,5,0.12483001844352372
WDR72,5,0.028923397281048382
NEDD4,1,0.023344689110229973
ALDH1A2,19,0.008813237724012367
ANXA2,4,0.16537805240172104
C2CD4B,12,0.00028404098644809617
RBPMS2,0,0.0009729766944418905
MEGF11,1,0.10135732265174675
THAP10,12,0.00207751056809965
C15orf60,6,0.0006504083859374674
CYP1A2,9,0.000432991065085031
COX5A,16,0.0265390585508156
SIN3A,4,0.0642265356514634
LINGO1,6,0.0059795972597141474
CHRNB4,6,0.002259563406738734
ADAMTS7,11,0.005959604166402005
CTSH,19,0.1338918345717874
KIAA1199,1,0.07011335257088415
MEX3B,12,0.0017970766898668157
FSD2,14,0.0011875598298626184
WHAMM,17,0.01493636067284008
BNC1,12,0.00010347435926986087
AGBL1,10,0.020413784325525444
NTRK3,7,0.0030945147670813776
MESP1,5,0.0008421964812029861
TTLL13,5,0.0005565714788611561
PRC1,1,0.03200336894670719
PGPEP1L,18,0.00034418731880180356
ALDH1A3,11,0.00028776850751494694
RHBDF1,17,0.010957211708730532
GNG13,14,0.00028430662847735833
IGFALS,2,0.004333098877891757
PKD1,3,0.02517705262723296
RNPS1,17,0.02650974625433417
ABCA3,3,0.05370798744202142
PRSS33,1,0.000279976722018735
PRSS22,10,0.017572335719132266
CLDN6,21,0.16744511115954233
MEFV,5,0.00011579693084074719
TIGD7,4,0.006798250493990619
ZNF597,11,0.0007831765144596728
CORO7-PAM16,18,0.0005035375317631937
SEPT12,9,0.00012213389029403006
FAM86A,8,0.00193420250427226
RBFOX1,15,0.04228809943943572
EMP2,10,0.17936112830625106
SOCS1,17,0.009197848173628058
CTD-3088G3.8,11,0.0022696902679200212
PLA2G10,8,0.0005928061456553985
NPIPA5,1,0.002851687964176881
MYH11,13,0.012338590905255334
RP11-1035H13.3,3,0.005427214536552718
ARL6IP1,3,0.11777080626681506
CLEC19A,2,0.0006198773097198909
GPR139,19,0.00010075984650426145
NPIPB3,19,0.0019810776520981298
PDZD9,9,0.0002491398024197152
SDR42E2,4,0.003499800485768124
IL21R,18,0.0003937375790238915
NPIPB6,1,0.0002125866616268897
EIF3CL,6,0.0011539532941301665
SULT1A2,6,0.00367807790847016
SULT1A1,13,0.026792233684044965
NPIPB8,1,0.00011858582384487278
NPIPB11,14,0.002043738107338315
RP11-231C14.4,3,0.0012887642543815635
DOC2A,0,0.0008837106721490156
TBX6,17,0.0019070862827424509
CORO1A,3,0.00013167483012508312
SEPT1,4,0.0028952740230247203
SEPHS2,13,0.016303562011729895
ZNF688,0,0.006165576960289726
STX1B,10,0.000389943277005518
PRSS36,16,0.0005944383724366612
PYCARD,11,0.010166888401027798
ZNF843,12,0.0017611530880648012
MYLK3,10,0.0014055099760218472
DNAJA2,8,0.028048208099191514
ZNF423,5,0.03382429189415387
SNX20,18,0.00021401158301361932
NOD2,18,0.00023987459875261726
TOX3,7,0.006189852486628019
CAPNS2,0,0.00011442893263474543
MT1A,12,0.00035452136589172415
MT1G,8,0.00280218467707337
CX3CL1,0,0.004343839324488125
CIAPIN1,13,0.015401590844972207
ZNF319,16,0.005143364324865698
CDH11,17,0.02058188846865896
TPPP3,1,0.18270464097794706
CENPT,4,0.01696203202016299
NRN1L,19,0.0002442305792676078
CTRL,6,0.0005420118976292194
CTC-479C5.12,6,0.00036378338350494943
DPEP2,18,0.0001903192022699422
RP11-343C2.7,19,0.0015231608937327857
VAC14,8,0.039606802252602644
TAT,19,0.00014452945206948526
PMFBP1,5,0.005464727999539875
ADAMTS18,1,0.024953733168202666
MAF,8,0.023243047257985372
FAM92B,2,0.0005305573866539545
FLJ00104,12,0.0005060271744797271
IL17C,3,0.0009133682889524662
GALNS,4,0.009201097117924729
CBFA2T3,4,0.0026722391650594044
RP11-368I7.4,6,0.0010920431380320005
SPATA2L,8,0.005564189914901267
DBNDD1,6,0.006854246999132992
GAS8,16,0.024405763549735816
GLOD4,16,0.021320554464177282
TLCD2,12,0.00019947686749506417
P2RX5-TAX1BP3,16,0.002558538100303023
CXCL16,0,0.01818338579235064
CHRNE,12,0.0010895300547563288
PFN1,4,0.18293199216941258
DHX33,11,0.026163528332882987
TEKT1,1,0.0007461637040267914
AC040977.1,1,0.002946009875745107
SLC16A11,13,0.0016830389622504798
CLEC10A,5,0.00016964531938781075
YBX2,6,0.0015948020610727254
GPS2,4,0.02827788031025566
SOX15,2,0.000928475215747722
TRAPPC1,8,0.06503672769334314
VAMP2,10,0.07949611605346683
NTN1,15,0.06763868233592808
MYH13,17,0.0008984640000105294
RP11-385D13.1,5,0.0002582079738987542
AC002553.1,2,0.0003874521993110025
FAM211A,8,0.033975725432119915
RASD1,10,0.0010839673889052243
TBC1D28,12,0.0003556081295349172
ZNF286B,13,0.009616631963805045
ALDH3A1,9,0.0005158246545995343
C17orf51,19,0.0008617463360725719
TIAF1,18,0.00030230702001177753
OMG,6,0.004112099917068661
CTD-2370N5.3,13,0.0015828564452026984
EVI2A,5,0.0008044964876994836
SLFN5,0,0.046463472418949436
SLFN12,6,0.0012217605662564774
SLFN13,0,0.0017330983500774234
GAS2L2,12,0.00010455183959186222
C17orf50,9,6.841837314647735e-05
CCL5,20,0.0004984237320518468
FBXO47,16,0.0002463918437198699
CACNB1,11,0.007217441603784376
GSDMA,20,0.0001740697281859249
CSF3,2,0.004080971246229365
MED24,7,0.034847509961496735
NR1D1,10,0.005701694263824757
TOP2A,1,0.09468490396388604
KRT222,10,0.00021502210398125586
KRT10,15,0.022444452439421333
KRT15,0,0.0034429498073339157
KRT19,15,0.1932686690782205
KRT17,12,0.00025824235430837853
HAP1,18,0.00022057652617662958
LEPREL4,17,0.039054833363689666
CTD-2132N18.3,9,0.0013746458775098969
STAT3,0,0.13495245596341562
PTRF,10,0.04467109541233044
PSMC3IP,14,0.0031506691918138517
AOC2,19,0.00018200073611299524
PTGES3L-AARSD1,12,0.00038301929663319805
UBTF,4,0.07681463101314115
SLC25A39,19,0.019982127024939393
KIF18B,1,0.019034594024163173
C1QL1,16,0.000518561677261448
KANSL1,17,0.31070137202350656
ARL17B,19,0.03655063940492597
WNT3,2,0.000935943990592906
HOXB2,12,0.0017784867959394234
HOXB6,19,0.0005096333678156803
TTLL6,3,0.0017662589608762119
PHOSPHO1,18,0.0002095774652718675
DLX3,4,0.005287741181669123
COL1A1,1,0.13974118968237179
TOB1,4,0.04041567033046645
TMEM100,9,0.000573937776320536
SRSF1,15,0.06067763251196562
PRR11,2,0.027220530007530618
BRIP1,5,0.057519903537251386
APOH,6,0.0024361371436020557
PSMD12,11,0.03414489463059488
KPNA2,3,0.013466718060862982
FAM20A,2,0.0245227573914317
ABCA6,19,0.0025878834649358173
SOX9,5,0.16268288473037162
SDK2,7,0.026310670923905384
USH1G,12,9.39896871124793e-05
SUMO2,16,0.08671957200121391
UBE2O,14,0.040429301919297896
ST6GALNAC2,15,0.010249907289201898
TK1,6,0.018739626572396053
SOCS3,15,0.013785695341022388
C1QTNF1-AS1,12,8.634701029656111e-05
CBX8,15,0.004254357467992685
NPTX1,20,0.006640209504128616
PDE6G,8,0.0011449502797272158
FAM195B,7,0.0025095458277472156
ARHGDIA,16,0.06558473385369513
ALYREF,13,0.0154967892954904
NOTUM,1,0.1131562442091755
FASN,11,0.022190548760087473
COLEC12,16,0.05936599138676857
NDC80,1,0.018845745296038604
DLGAP1,1,0.06476045559142744
ZBTB14,12,0.0066445259054273694
PIEZO2,15,0.031060860723409488
ANKRD30B,17,0.014740643873861477
ANKRD29,8,0.09228880316489461
AQP4,10,0.2102399242341092
CHST9,7,0.01217303614620728
CDH2,2,0.016253319524629495
DSC2,11,0.024257123397735954
CCDC178,7,0.005531459230007953
INO80C,15,0.015452508972350575
SLC39A6,7,0.04300317208350236
ST8SIA5,2,0.0011790126301680123
SMAD7,13,0.06680256545699767
CCDC11,3,0.0029684226878730815
MRO,20,0.00017790512288707
MEX3C,10,0.027908061050481676
STARD6,1,0.00038511717988029857
CCDC68,4,0.024297254621905063
GRP,4,0.004875113440004028
CCBE1,7,0.021270306576502702
PMAIP1,14,0.00042685871472318185
CYB5A,17,0.15281251990714081
FAM69C,5,0.00024866470273210867
SMIM21,20,0.001512922075083752
C2CD4C,6,0.00038972539900992775
HMHA1,17,0.006250077258521913
C19orf26,10,0.0005403136037615254
ADAMTSL5,6,0.0001312079454095733
MEX3D,8,0.028424207057484194
ONECUT3,9,9.500471400759221e-05
BTBD2,9,0.05657694389639676
MKNK2,11,0.0643398499300309
LINGO3,18,0.00026107174357800124
LMNB2,2,0.04005138647886691
GADD45B,0,0.014533154391144026
GIPC3,20,0.0001399767316627045
TBXA2R,9,0.0008344913514742502
EBI3,14,0.00027172960228942267
LRG1,0,0.0028447899365224524
SAFB2,13,0.034569700848524
KHSRP,8,0.1580862964688331
DENND1C,10,0.0011262045826148797
TUBB4A,6,0.0063105971021714695
TNFSF14,3,0.0011488649965819397
C3,7,0.04762892394684377
AC010336.1,13,0.0004670316708754477
CTXN1,4,0.012572485722288581
ELAVL1,8,0.049613729568061204
ZNF558,11,0.009094883742483083
OLFM2,13,0.04751288266074011
ICAM1,10,0.07416164888206435
ICAM4,20,0.053298310857384144
KRI1,11,0.01922587756147976
CDKN2D,2,0.0021954781413823267
ZNF443,3,0.004727606341654405
JUNB,0,0.041400837472920615
IER2,4,0.0513180587658666
PRKACA,8,0.03155985077198135
AKAP8,11,0.02332100260423057
ANO8,7,0.012309401961663238
BST2,21,0.0013987500364861672
RAB3A,21,0.0028606502059432323
JUND,20,0.13388147396499042
GDF15,20,0.05090012419452548
ISYNA1,16,0.10759219289049306
FKBP8,10,0.08176957225621921
COPE,13,0.05631029484769839
AC002985.3,1,0.0017008986085700233
MEF2B,7,0.00015423631794318903
TSSK6,18,0.0008925849637848567
ZNF99,5,0.0011122438097955535
ZNF681,6,0.01047506341796976
LGI4,9,0.0006881394054221247
HSPB6,15,0.0072002739870080405
PRODH2,8,0.00020840503452593422
ZNF565,0,0.011727862872453795
ZNF829,13,0.012426459418803472
DPF1,8,0.0011753588818479044
PPP1R14A,6,0.0018627082233039964
YIF1B,3,0.016299471875584403
RASGRP4,8,0.00033198079690738703
HNRNPL,16,0.05518567162421114
RINL,13,0.007981143939343746
LRFN1,14,0.0026441511320935192
ZFP36,0,0.0351189804806281
EID2B,17,0.0022974704950805645
FCGBP,0,0.028653683504896443
SERTAD3,12,0.007475933027828177
NUMBL,1,0.003007118152581437
ITPKC,11,0.023486761591186095
CYP2F1,11,0.00017603314810085875
CEACAM7,17,0.0003905456903132818
CD79A,12,0.0005318654275906105
AC006486.9,11,0.0005306929943155418
CXCL17,7,0.02310500283701839
LYPD3,9,0.00023297908328303462
ZNF575,20,0.0004729101260711434
XRCC1,11,0.028335524334576763
L34079.2,21,0.0013584868607173695
ZNF404,21,0.002522244482085422
ZNF112,12,0.0044487649966964745
CTC-512J12.6,19,0.0016372691388133551
EXOC3L2,6,0.0004035756029795123
FOSB,15,0.05714725569672606
DMPK,11,0.011087024669211744
RSPH6A,10,0.014615692879286662
IRF2BP1,16,0.017890662779216276
NOVA2,8,0.0019642717965277757
PTGIR,17,0.0003395330396092352
BBC3,12,0.000918430957107996
NAPA,4,0.03755804966394003
FAM83E,15,0.005447891827310968
HRC,6,0.0007450051574754792
IZUMO2,7,0.0022952339791725077
KCNC3,8,0.04915451796006415
SPIB,16,0.00031297686601206243
JOSD2,12,0.011292860144332017
LRRC4B,12,0.0024602476885054727
KLK8,16,0.00042400127297254075
KLK10,0,0.0010866909557939155
NKG7,12,0.00022291008522380836
ZNF28,8,0.007994556909595515
ZNF468,11,0.004244232436680201
LILRB3,18,0.00021008325866711378
LILRB5,9,0.0002962353111555606
ZNF579,8,0.016669152765030445
ZNF582,11,0.0037352099985972762
ZNF550,12,0.005458811748565961
ZNF416,12,0.0014922052341123726
ZNF132,9,0.0020337825246946957
UBE2M,17,0.024110456587707465
C20orf96,13,0.019625015642619426
SLC52A3,20,9.57577579231941e-05
C20orf202,18,0.00013968233532676478
AL136531.1,18,0.00036962330713895584
SIRPG,18,0.00023118488562642338
SIGLEC1,9,0.00020507042411830394
C20orf27,21,0.010204538021133058
CENPB,4,0.04723626603388715
TMEM230,3,0.02592756506311812
PCNA,16,0.0383620259672449
PLCB1,3,0.07250610815437483
FLRT3,10,0.051201644479879425
THBD,2,0.004023148885184672
CD93,13,0.007507071827310845
GZF1,13,0.00519984609846089
CST5,20,0.00022406905798034554
GGTLC1,20,0.0011734074590206605
AL035252.1,14,0.00035519148805012606
NANP,21,0.0035419199116891757
BCL2L1,11,0.0508428257578722
TPX2,3,0.037289165442636024
PLAGL2,11,0.019778265190428464
BPIFB1,0,0.00036444694838243404
AHCY,16,0.03357422245823069
SLA2,17,0.0015984988955626213
LBP,18,0.0001130091586530936
EMILIN3,9,0.0007797958284660504
MYBL2,3,0.021813922114156323
JPH2,9,0.0005651555362573823
ADA,14,0.0009005885772952061
SLPI,0,0.002061318002105577
AL031663.2,7,0.0007841243629799736
UBE2C,3,0.018661363859721305
SLC12A5,6,0.00046082823823842924
EYA2,0,0.002547456158185144
BCAS4,19,0.03264534797723797
BMP7,19,0.014420831455892546
TUBB1,12,0.000533127660218619
EDN3,10,0.05162702537483422
CABLES2,16,0.009314411351016023
CHRNA4,6,0.00025042327960362497
PTK6,14,8.847873209129441e-05
HELZ2,10,0.009571719164137928
LIME1,9,7.79383051374654e-05
LIPI,21,0.0014733510009754796
SAMSN1,20,0.00035302053546523596
BTG3,0,0.036221456354244334
C21orf91,13,0.017950368353334026
CHODL,11,0.02180503690857631
ATP5J,16,0.036016559655746516
ADAMTS1,1,0.07705052709650838
GRIK1,15,0.008270422754808082
DONSON,11,0.009398353200921179
CLIC6,13,0.14307037853774
RUNX1,0,0.05822329888767927
LCA5L,13,0.002124618626768915
C21orf88,9,0.00012818091252335902
C21orf128,14,0.0002176546498114606
TFF3,0,0.0053566354048519334
SIK1,4,0.027186921679850724
AGPAT3,2,0.07278998694793597
C21orf67,19,0.002231116674934839
S100B,9,0.0004733861724878683
CECR6,10,0.00040672549641570794
AC002472.1,7,0.00040724260424059456
P2RX6,18,0.00010080771753282646
VPREB1,14,9.695589728985996e-05
RGL4,3,0.00010599128433771504
ZNF70,19,0.0026367425717383503
GSTT2B,9,0.0003061304703129251
GSTT1,16,0.021569521486453885
CRYBB1,21,0.00015658844369021802
XBP1,7,0.03875479515715536
C22orf31,8,0.0005923980453095523
GATSL3,4,0.00410270449376194
RP1-130H16.18,12,0.00026408129948377225
SLC5A4,5,0.00027902438025795165
RFPL3S,6,0.0009841452300548821
TIMP3,15,0.03170994796387966
APOL4,12,0.0008997240158764627
APOL2,16,0.009057543921405283
CSF2RB,6,0.00023275490986451132
C22orf23,14,0.0004575482328901032
FAM83F,9,0.0006593027668963366
CYP2D6,14,0.00019951925559215448
TTLL12,16,0.016078557336096016
IL17REL,9,0.00012428260003735766
LMF2,15,0.02853710646876021
NLGN4X,1,0.00883307491818505
KAL1,20,0.20678516921736692
CLCN4,5,0.01166240550462809
MID1,4,0.21533034256499536
ARHGAP6,0,0.009432076766362532
GPM6B,4,0.03622744829413798
ASB11,9,0.00017212668004483816
PIGA,0,0.007045398599358115
EIF1AX,0,0.06381662867531765
IL1RAPL1,1,0.14426818803109437
DMD,10,0.3757440005997211
TMEM47,10,0.01833670304253998
CXorf30,1,0.0013936338309149163
DYNLT3,3,0.009931581467118688
ELK1,17,0.011258443184773242
PIM2,3,0.008251683687157514
USP51,8,0.01880371008065607
SPIN3,6,0.016707883364832178
ZXDA,6,0.003559244925274736
ASB12,12,0.0004098006678298887
VSIG4,9,0.0002808344429342032
IL2RG,14,0.0004097280480211648
CITED1,5,0.00020610309834553914
NAP1L2,6,0.0006772103776679814
RLIM,1,0.02502802128464503
MAGEE2,10,0.0002815846084437653
HDX,0,0.022753828527486974
SATL1,10,0.00039986494323261093
DACH2,11,0.005896859076315284
PCDH11X,6,0.08633465091179614
NAP1L3,8,0.006885662062670003
FAM133A,8,0.00046027269601315446
NOX1,5,0.0003802244450629695
NXF5,12,0.0001308551417240983
TCEAL5,18,0.0009421673214589509
H2BFM,14,0.0002301045781343829
IL1RAPL2,10,0.07670883397566224
SERPINA7,9,9.989045045658244e-05
PSMD10,16,0.013268816290356845
ACSL4,3,0.029110734460599832
TRPC5,12,0.001101689243986712
SLC6A14,2,0.008269057062688451
KLHL13,7,0.005677021941724715
KIAA1210,16,0.0007314943978122971
NKRF,13,0.009430391222032737
AKAP14,16,0.00037190870205662784
SH2D1A,18,0.00011203931811666295
MBNL3,3,0.04285556166103225
HS6ST2,3,0.16126298024925778
GPC3,1,0.03939235348336126
FAM127C,17,0.004972600009720298
CXorf48,15,0.007906752842349889
FGF13,3,0.04728255623892075
CDR1,0,0.0002992318063850473
TMEM257,3,0.0001285860098465739
CXorf40A,14,0.00016756998471613728
GABRE,2,0.003297994856801715
GABRQ,14,0.00013994368620344637
CETN2,2,0.027484963937501206
BCAP31,19,0.010607350163256483
MPP1,21,0.004601134903339592
MTCP1,21,0.003916911307855271
RAB39B,9,0.0004524882947312322
UTY,16,0.11145886129157943
NLGN4Y,3,0.03626989095059238
KDM5D,8,0.015729930118689957
AL354822.1,14,0.0004586630189985168
