"gene","module","score"
"SLC8A1",3,0.262130876622182
"VCAN",25,0.515573584816793
"CD163",9,0.252844463656884
"FMNL2",9,0.274818129429287
"SKAP1",8,0.551351351301909
"NDST3",5,0.532960549239576
"SLC4A10",19,0.437086569093301
"KCNMA1",12,0.180845444614415
"CCDC26",5,0.376045900320476
"FRMD4B",5,0.139893968705658
"ADAP2",4,0.393005398798188
"DSCAM",5,0.421273034335243
"EPB41L2",5,0.169350139106508
"RGL1",9,0.319291155363163
"DMXL2",22,0.25189141786451
"THEMIS",16,0.249492512641317
"MARCO",5,0.257652292353793
"SIGLEC1",4,0.329005553301656
"FRMD4A",4,0.102490881494627
"RBM47",3,0.259039823236603
"FCN1",25,0.300726406254826
"CD247",21,0.27730426671844
"IL7R",11,0.20990874540525
"TCF7L2",15,0.116722893374501
"GRK3",3,0.282759060917772
"ITGA9",9,0.302190695560327
"PLXDC2",23,0.0484896482527495
"DAPK1",22,0.0995971958622873
"CD163L1",2,0.045406898096647
"INPP4B",8,0.357921026961593
"ZEB2",20,0.0674357486877774
"GNLY",20,0.297841555979057
"PRKCH",27,0.127527472861295
"MSR1",2,0.102657437199803
"MCTP1",3,0.176010100921539
"FYN",27,0.352084095781414
"TBXAS1",15,0.0528207195645858
"SLC1A3",2,0.118419536038397
"CPVL",7,0.176653087404285
"LGMN",2,0.107501664050879
"CAMK4",11,0.180886904700082
"MERTK",9,0.229899359058684
"DST",5,0.0725168142451412
"MARCH1",7,0.194007555349867
"WDFY3",3,0.37136653906421
"AC100849.1",9,0.48288321729444
"MS4A6A",7,0.268609718592239
"MRC1",9,0.380783069105027
"ABCA1",5,0.235412793222894
"NCKAP5",5,0.194805026170226
"DOCK4",9,0.171509253852725
"SAT1",7,0.176438473028777
"AC105402.3",1,0.00608787477313278
"MS4A7",9,0.117512509603711
"SASH1",22,0.0369013440581963
"CTSB",12,0.138805706938515
"KLRF1",21,0.207245176238333
"SYNE2",20,0.124531125367076
"SAMD3",28,0.31362188867641
"TNFAIP2",4,0.179669856604292
"AXL",4,0.290198295741922
"BCL11B",14,0.519152259327662
"FLT3",29,0.34359558309136
"ME1",5,0.0914057836971403
"MITF",2,0.23796426137442
"UBE2E2",3,0.348147893507876
"ITSN1",9,0.44812030073488
"CD5L",5,0.224514605122194
"RTN1",23,0.245458661550556
"SDC3",4,0.204928848466086
"FCHO2",2,0.315824376763735
"RIPOR2",11,0.196862552881709
"GAB2",3,0.366176228483766
"AC025569.1",5,0.349186410811072
"CD96",16,0.290390978603618
"RAB31",9,0.107299838104807
"AOAH",28,0.095308750731368
"HCK",15,0.135146203739442
"LRMDA",12,0.260409850731965
"MTSS1",15,0.0300252291634873
"VCAN-AS1",25,0.374672508377146
"MTRNR2L8",1,0.0103247739330494
"EPB41L3",9,0.356119562484408
"SLFN12L",14,0.403738487230962
"LINC02694",8,0.0379983755679158
"HS3ST2",2,0.35000266651506
"LILRB5",4,0.331026742998096
"TC2N",16,0.369446812301036
"NCAM1",21,0.36484242165772
"NKG7",18,0.166648639985059
"CR1",5,0.324180958375413
"LYN",22,0.169795189910629
"AC010967.1",19,0.38785084012727
"ADAMTS2",5,0.161010243440638
"MCTP2",21,0.244662164425722
"NRP1",9,0.260144026332692
"LEF1",11,0.467949494899114
"SLC11A1",25,0.225288628887925
"ADAMTS17",21,0.384937996016031
"CARD11",14,0.573531657919517
"IRAK3",25,0.278751987018374
"DYSF",5,0.218262339819839
"IFNG-AS1",16,0.235427816358274
"STON2",5,0.298101098914541
"SLC40A1",7,0.186869540898338
"ETS1",27,0.167284245302004
"CCND3",14,0.432088137930941
"FGD2",4,0.18968542685483
"TLR2",3,0.0869402970826438
"CYBB",22,0.0389927106677702
"TCF4",9,0.199704428518721
"CIITA",23,0.207151438559785
"PDGFC",3,0.128420457180259
"ZNF710",12,0.39859239578245
"STAT4",27,0.14422508057617
"ATP8B4",21,0.0553193782453243
"PID1",9,0.119797105068394
"CSF1R",4,0.118274593123911
"RAP1GAP2",20,0.236899613295579
"PARP8",27,0.360627444862735
"MS4A4E",7,0.268635832553989
"HDAC9",3,0.152827295512154
"BASP1",5,0.255969582263258
"MNDA",25,0.383426131367061
"SLCO2B1",9,0.183291635366329
"TXK",21,0.21196047734428
"TOX",28,0.163790758061141
"RAB20",12,0.139554672490054
"CTSS",15,0.2342191279123
"CMKLR1",22,0.0233020294978648
"GPNMB",2,0.430731728001746
"ZFHX3",12,0.447405627960105
"RBMS3",5,0.477077298714554
"KLRD1",20,0.101502822051393
"SYK",7,0.222411207225947
"ANKRD44",8,0.37726399971266
"EXT1",5,0.283274186735264
"FMN1",2,0.0892293208729937
"FGF13",5,0.252962915698283
"SPIRE1",2,0.151494220097975
"IDO1",29,0.419669928300435
"LRRK1",7,0.207815715489238
"CSF3R",25,0.289816595961445
"EDA",9,0.132931721308833
"TRPV4",4,0.208086243551443
"GAS7",12,0.270923677417566
"PYHIN1",28,0.286181528447942
"PLCB1",19,0.146946820592992
"AC099560.1",29,0.50982406201494
"WDFY4",29,0.557788569597532
"LTB",18,0.0655743069820879
"ARHGAP15",8,0.327132504462681
"CHST15",15,0.0694401887222631
"MYBL1",19,0.0459436094842034
"TNS3",12,0.24842767786189
"ADAM12",19,0.332481301542459
"WSB1",4,0.192784843775627
"LRP1",4,0.252162187704447
"KIAA1217",5,0.390789718699995
"ETV5",5,0.191345644728811
"LINC00861",8,0.174523474034381
"NPL",2,0.193658647131085
"SPRED1",9,0.166416457489597
"SLC22A23",12,0.0854134534150372
"TMEM26",5,0.129733732781237
"PTPRC",8,0.223576406514395
"IL23R",19,0.34234849164361
"MEF2C",9,0.079897717066204
"HRH1",4,0.109287776988891
"NCR1",21,0.323308270630561
"TOX2",21,0.416803430038771
"RNF144B",22,0.155026347716524
"NAMPT",27,0.0306153939119359
"CCDC88A",7,0.15778782717102
"BNC2",20,0.178808253324101
"PDE4B",9,0.513825216789505
"GRAP2",16,0.268176698155304
"CYFIP1",2,0.0923879350262808
"TRIO",3,0.0856610933373995
"RORA",17,0.168612195058785
"LINC01934",16,0.354786339360975
"NCALD",20,0.0926942463350879
"SULF2",15,0.0348458793617489
"MCOLN1",4,0.205361580885058
"CREB5",25,0.30359251890032
"CLNK",29,0.543902519913769
"TFEC",22,0.0307833731240293
"S100Z",15,0.44525547440304
"CSF2RA",23,0.144418248536631
"PLA2G7",2,0.342484746449837
"LINGO2",20,0.130432346743434
"PITPNC1",14,0.297427844159674
"PRKCQ",8,0.320037082773206
"SLC9A9",9,0.417633971986111
"LIPA",2,0.211811149614114
"SLC24A4",29,0.360754018793017
"ITGAX",2,0.0786287910324596
"SMIM35",5,0.280825158880638
"QKI",3,0.432318604656171
"HLA-DRB1",23,0.274561333775996
"SIGLEC11",4,0.142167737387903
"CD83",22,0.113931284748591
"VCAM1",9,0.327316251515725
"PHACTR1",9,0.187454992814267
"ZFYVE16",7,0.163254895836069
"PSD3",10,0.109453674188246
"SAMD4A",2,0.287057265698249
"MYO9A",5,0.449058248567824
"IKZF3",16,0.224728628450567
"ITK",8,0.267719347864556
"HMOX1",4,0.0760473116518868
"ARHGAP24",3,0.100035340679212
"ITGAL",14,0.421167682338428
"BMP2K",3,0.323174495519208
"ROR1",5,0.212399848715694
"TIMD4",5,0.257250372493169
"ABCC5",2,0.143640196233573
"FCGRT",4,0.320935860339533
"ZBTB16",19,0.0612814880938987
"MS4A4A",31,0.298318874199372
"FNIP2",2,0.19309427930576
"SPSB4",5,0.368259901809462
"AL162414.1",5,0.26932740289926
"ABR",12,0.425211451239132
"SYNE1",20,0.269334635845748
"ANK3",11,0.386977640930515
"IL2RB",21,0.405580486871572
"TPRG1",9,0.10983603721536
"SPI1",15,0.0999223223565099
"KYNU",22,0.218797592256323
"STARD13",2,0.0872313438843401
"PDGFD",28,0.311834616049197
"EVI5",3,0.264380942755823
"AC139720.1",11,0.359853121128493
"PPARG",2,0.202712856449104
"AP000812.1",7,0.236070784843706
"PDE7A",16,0.263855031532523
"NELL2",11,0.319271397883115
"SNX24",5,0.24741469124669
"ADGRE2",15,0.191785794147147
"TTC39C",19,0.049304631716498
"BCL2",19,0.0339191052240566
"LRRK2",25,0.345901994406232
"NEGR1",29,0.318186923523491
"PPP2R2B",16,0.315061679711199
"AL031599.1",21,0.424823527599643
"AP003086.1",31,0.359450941450832
"IL18",22,0.127172488867604
"AC079015.1",31,0.0602913570830094
"S100A4",18,0.39364715345179
"PSAP",2,0.136056603597022
"ENTPD1",9,0.103926647862261
"LPCAT2",9,0.261121334013472
"GHR",6,0.39490055587711
"ARHGAP22",23,0.0600364112981541
"MBNL1",8,0.309419195242779
"ADAM28",23,0.301796956467506
"DISC1",12,0.234524956679894
"PRF1",20,0.2126631519656
"LINC01645",5,0.442377109172543
"KLRK1",28,0.294692937162789
"MALAT1",8,0.058310333358425
"RAB7B",29,0.323360915562438
"CD38",21,0.22602758872344
"LST1",15,0.220971538248829
"CBLB",27,0.324953743428172
"SLC8A1-AS1",31,0.282686111466409
"CCL5",18,0.152076364736573
"AL035446.2",31,0.111409304928328
"TGFBR3",20,0.29960394500946
"RNF130",7,0.181765870706015
"CTBP2",21,0.0501359050097399
"SLC38A1",27,0.246117742943178
"ZSWIM6",3,0.274549045574829
"PLD1",5,0.219963805597056
"AC104809.2",4,0.327823106371379
"NAIP",7,0.130781822416735
"FGD4",3,0.173344811501373
"CELF2",14,0.214748138506176
"FPR3",2,0.0586115933301726
"DOCK5",15,0.169802409792844
"CBFA2T3",29,0.276219467425828
"CD300E",25,0.245390576671911
"LINC00299",19,0.0398476557654391
"MIR924HG",29,0.536585365804402
"PTK2",5,0.235473384055347
"DTHD1",28,0.29303358966463
"FAM49A",9,0.0814193690598216
"CNTLN",34,0.318797023462191
"SYTL3",27,0.35928023818979
"RASGRF2",19,0.0757206190561319
"MYOF",15,0.0718151713597983
"AL589693.1",11,0.206837915793782
"CLIC2",7,0.222889528276587
"SNX9",9,0.365272823826948
"IKZF2",19,0.0911889055083407
"ARRB1",12,0.303236682826177
"RUNX2",19,0.208747451077002
"TMEM51",2,0.181774285067743
"NHS",7,0.160492642594515
"AC092546.1",23,0.0606384926036018
"ITGAD",4,0.144965514054474
"B2M",18,0.532451624675642
"CX3CR1",20,0.217114842966953
"KIF18B",30,0.242238609046574
"CD74",23,0.367170366709327
"SHTN1",7,0.0997115185871411
"CDC14A",11,0.341940161592723
"ACSM2A",6,0.396177363208657
"SLC22A25",24,0.389386770649778
"SRGAP3",7,0.124123581844709
"NR1H3",4,0.0823529114179724
"LINC01524",19,0.29843849217341
"LILRB1",4,0.107104792661184
"MPPED2",9,0.468172620483183
"RHOBTB1",7,0.257506369657812
"HLA-DRA",23,0.37291560804541
"CUEDC1",4,0.145835928150289
"STK17A",16,0.215110991370291
"C1orf21",20,0.289046253333915
"TRPS1",3,0.339736496453121
"LCK",14,0.289170331077439
"TBC1D8",22,0.0722975084812283
"CD2",16,0.235105929510909
"KCNQ5",21,0.205667775047587
"RNF135",4,0.176270096894782
"KLF12",8,0.330795979971614
"GCNT1",5,0.122819417563784
"CXCL12",22,0.0104180383158421
"SPON2",20,0.329138455441782
"EMB",8,0.314115653275508
"CTNND1",34,0.24409996832587
"CYP2E1",1,0.109630867596373
"ADH4",6,0.385343840621434
"SAMSN1",27,0.0821773135145397
"STK39",8,0.186816265311866
"CASK",8,0.395019710056766
"PRAM1",15,0.296696223551982
"TOP2A",30,0.538406545208142
"RASSF4",4,0.216633405592213
"RHOH",16,0.327955914637289
"AUTS2",21,0.369624176074617
"DENND1A",3,0.263308689740429
"RASAL2",2,0.140048426296069
"GZMB",20,0.251365384914504
"ZNF124",7,0.253876467924117
"SAA1",13,0.0365170545604076
"AKR1C8P",33,0.394123188353307
"ATG7",3,0.188788764631917
"KCNK13",2,0.0698446430068378
"PTGDR",16,0.240755232761649
"MANCR",5,0.352091198888646
"GRIK4",21,0.311907928130516
"PTPRE",12,0.292588080636369
"NR4A3",27,0.00451910390378147
"AFM",1,0.349864989741395
"TRG-AS1",16,0.25573128405594
"PIK3R3",5,0.321041214705696
"GZMH",18,0.055839263553508
"PLG",6,0.353653776169791
"RUBCNL",4,0.0964119313625759
"CCSER1",29,0.251366455145751
"ALOX5",15,0.0537086233419442
"ZNF804A",2,0.118193166629013
"FAU",18,0.359438659871956
"NEAT1",10,0.0672359795925572
"ACER3",3,0.207741794539321
"TCF7L1",5,0.085479096525715
"ASPM",30,0.370370370335802
"PPP1R16B",27,0.185602517161959
"F13A1",25,0.0406316244490927
"COLQ",19,0.20211740617975
"ACSM2B",6,0.476381318625966
"SCML4",16,0.276462107127552
"P2RY8",11,0.0530047605540571
"PLAUR",22,0.0439021048032346
"SOBP",5,0.307412488985095
"HPN",1,0.322364718440118
"MANBA",3,0.289027971708492
"PCNX1",8,0.400207165113901
"ST18",23,0.230423863002111
"RXRA",12,0.211500666004401
"CLEC2D",8,0.366986647319557
"GFRA2",9,0.102245124196016
"DPYS",6,0.346156055212427
"CLEC7A",7,0.113721710436846
"SHANK2",1,0.247086027216524
"RCN3",4,0.243638120685897
"HNF4A",24,0.488234015156358
"UNC5C",5,0.40316202711741
"PIEZO2",5,0.259109292583139
"MVB12B",12,0.241406849426444
"EBNA1BP2",24,0.403547671795667
"IL32",18,0.364402105954467
"MEF2A",3,0.183511545907229
"ZNF438",3,0.208964365707301
"FARP1",13,0.0517867507919883
"CD86",9,0.139438860069387
"LINC01374",2,0.0795959226587191
"MIR181A1HG",21,0.0425440396995798
"ACTB",18,0.419772649292439
"MAML3",12,0.183037573608396
"SLC7A7",15,0.141753606453477
"PIK3AP1",22,0.0734885934733456
"LINC02384",20,0.30106809742043
"IGFBP1",10,0.0756183385724094
"AC023590.1",5,0.250689377526966
"GTSE1",30,0.34587545891407
"NRP2",2,0.224538433776932
"HLA-A",18,0.344550067640879
"HLA-B",18,0.390243902390365
"JDP2",9,0.395178436005849
"AR",13,0.27785721582936
"EMILIN2",25,0.0266794219767112
"SAA2",13,0.0576891118559866
"CPM",7,0.168263759764604
"TTC28",17,0.0658671443196799
"PCNX2",16,0.294088425190725
"SLC43A2",12,0.148808542125867
"AC093865.1",19,0.107419590685395
"SNX29",12,0.361498208289246
"TTC7B",2,0.060961452644623
"BACH2",11,0.161131832485076
"LYZ",23,0.134457327845292
"FTCD",1,0.210678482550027
"AF165147.1",28,0.242156540424258
"GAS2L3",2,0.238539913932597
"ETV6",12,0.248378101208167
"APOB",26,0.118948481380863
"CPPED1",15,0.330152468292541
"RRM2",30,0.269320682627472
"IGSF21",9,0.161898160502133
"C20orf194",7,0.362343041534703
"CLEC12A",15,0.130722232697431
"DENND3",4,0.0725233287598532
"APBA2",14,0.188897501314913
"ADAM19",19,0.0155543448854118
"IQGAP3",30,0.330387613715311
"TMSB4X",18,0.452583664463156
"TF",26,0.0939957426830326
"PALD1",23,0.038090559030072
"TRAF3IP3",16,0.269814444513411
"EPS8",3,0.182048771128097
"JAK2",3,0.304097079705452
"EEF1A1",18,0.391172517738393
"FGR",15,0.111037299523132
"SHROOM3",6,0.339465342388702
"AGMO",17,0.404517048448519
"HNF4A-AS1",1,0.165447332665488
"TNIK",8,0.308875476841803
"KLRG1",28,0.235447338489007
"TAFA1",11,0.181064824879697
"RUFY3",22,0.101199954335259
"ZEB1",8,0.343143209812638
"ALPK1",7,0.226802361332147
"ITGA4",8,0.214864089199576
"RCAN3",11,0.225969490035259
"CYP2C18",10,0.243315526412734
"GFOD1",21,0.217995758725989
"CDC42SE2",8,0.430271117995674
"SFMBT2",14,0.0678198543565727
"AL391117.1",17,0.503171247316686
"LZTFL1",21,0.363540771014293
"ADGRG5",20,0.189809444207504
"PLA2G4A",3,0.232319984829743
"PCSK6",10,0.423038357118538
"PIP4K2A",27,0.086826017971357
"MTRNR2L12",1,0.0113550320179846
"AFF3",23,0.14455840813374
"TMSB10",18,0.399292407830173
"C3",1,0.341635562029247
"AL136456.1",19,0.16678314846738
"FMO3",6,0.321419197643578
"SLC22A10",32,0.397867693916158
"ADRA1A",6,0.295497329646581
"POLQ",30,0.38415432488068
"SLC38A6",2,0.294648334201197
"HNF1A-AS1",1,0.461494687729248
"AC087482.1",33,0.311679789896307
"BTBD11",19,0.0878995628774709
"ASGR1",1,0.172599197142504
"AC079793.1",31,0.0243684525362211
"DANT2",10,0.182894629139738
"PCED1B",16,0.341184625197263
"SLC22A7",1,0.385801221740241
"PDE3B",11,0.151662392201374
"IRF8",29,0.157226794394754
"CEP170",3,0.111323558571047
"RASGRP1",8,0.235272886974757
"STX7",7,0.186303207020016
"KLF2",11,0.0773105742585686
"ALB",26,0.591883364188283
"BX284613.2",32,0.335162914778804
"CNOT6L",27,0.417827298002812
"ANKS1A",9,0.447925486825695
"DLEU1",19,0.0225363417015496
"HCST",18,0.284844803432667
"NHSL1",34,0.353067814806337
"PAG1",11,0.135137943274913
"ASAP1",3,0.178929286795149
"GNAQ",3,0.175838317220981
"ARHGAP26",28,0.0109262334039603
"XYLT1",15,0.116280315631109
"SH2D1B",21,0.155103645012556
"CGNL1",1,0.294258035087446
"LYST",15,0.179253654843468
"SLCO1B1",17,0.44591375180951
"LY86",7,0.31975305445927
"EHHADH",6,0.366875818282852
"FCGR2A",23,0.0374131624896867
"S100A6",18,0.283004889388199
"ITGB5",9,0.0840385427735017
"TNFAIP8",16,0.260128949600111
"ADGRG1",20,0.338417961381801
"HLA-DPB1",23,0.360320318967296
"SCIMP",4,0.195348661977137
"SLC7A8",4,0.131036063966656
"AC022784.1",6,0.305633034773921
"AKT3",11,0.11648405871667
"RAPGEF2",3,0.283617303860389
"PECAM1",15,0.350153480495954
"SLC2A2",6,0.205639530099262
"ZNF831",14,0.227800195756199
"SOX5",17,0.487757120006911
"MKI67",30,0.403293075946608
"AC060234.3",29,0.43906485548424
"AC013652.1",8,0.0350393084477422
"CD6",14,0.399511600503873
"FHIT",17,0.0380218557242094
"CD3G",18,0.0987516382158034
"ACSL1",22,0.0695327803899138
"GSAP",22,0.0380458354003134
"MRC2",4,0.157445822943183
"DPP4",19,0.197884915976639
"JAML",23,0.0494768528035943
"BCL11A",15,0.0857472659931012
"GZMA",18,0.126573399255251
"FGD6",7,0.402331922507158
"CADM1",29,0.163667480856762
"CST3",23,0.291883014461696
"CCDC88C",14,0.333203195198262
"GLCCI1",8,0.24443927154033
"PIK3C2G",17,0.221091547142929
"DAB2",4,0.188393214969019
"PAH",1,0.117972948433414
"CD36",25,0.168544260248787
"THRB",17,0.248261305903391
"MYO1F",14,0.104814415815385
"MIR181A2HG",21,0.162910330248992
"RIN2",12,0.172998244543632
"HLA-DPA1",23,0.388863856108839
"GLYAT",6,0.325877305843488
"KIF4A",30,0.401101086121183
"TRGC2",28,0.275692707957747
"AP2A2",4,0.214832192153139
"PTPN12",20,0.124306537901472
"PTPN22",8,0.263751767452884
"SLC16A9",5,0.313418055669163
"LINC02432",15,0.339903478772107
"F2",1,0.318184627161236
"SGCD",28,0.185044351522398
"NOS1AP",13,0.380952380907122
"HSD17B6",1,0.164759068122686
"AC008771.1",31,0.271851255705378
"ONECUT1",24,0.393496212061124
"A1CF",6,0.269418993505874
"NCF2",25,0.162346545996536
"TRERF1",14,0.216968366275202
"CYP2C9",17,0.151505846068332
"APBA1",3,0.123617309651437
"LINC01505",20,0.301999781629529
"COBLL1",6,0.395141476078444
"GLUL",2,0.107888303821003
"MLIP",6,0.292610098534532
"SORBS2",17,0.428960753423031
"TESPA1",11,0.238465603471933
"IKZF1",14,0.289649146317089
"LTK",19,0.253577128684347
"PATJ",16,0.189330703999332
"PTPRJ",22,0.0585452345692948
"LINC01725",13,0.247670152366368
"ALDH1A2",6,0.286306103387939
"VSIG4",9,0.320708147066937
"RUNX3",14,0.20034253854941
"DIAPH3",30,0.415205102337204
"ADH1B",6,0.17939112514227
"SELENOP",7,0.0866737466552588
"STK38",20,0.0415763013244729
"LDB2",21,0.414278873540699
"APOH",26,0.201108434970284
"BDH1",1,0.301759611789631
"CPS1",17,0.40984724070042
"ATP8A1",28,0.27642817192436
"SLAMF1",19,0.0662176784725353
"RASGEF1B",2,0.170759610481424
"COBL",10,0.240582938814792
"AC090559.1",15,0.176983494923106
"TBC1D9",7,0.274904662234397
"GLT1D1",25,0.357601806798839
"ATP6V0A1",2,0.292253521076919
"ARHGEF3",8,0.318221148621006
"PDK4",9,0.278404459511967
"P2RY6",4,0.106926021533833
"ZNF385B",6,0.342252633413924
"KLRB1",19,0.152710839928907
"FYB2",24,0.306690338824664
"AC021242.2",32,0.179682724022813
"TNRC18",12,0.270457810619982
"CDCA2",30,0.0779355878882502
"SPOCK2",14,0.144170499306997
"PHKA1",5,0.387867046881137
"PTPN4",8,0.265968957521646
"SRGAP1",9,0.136047852464613
"LDLRAD4",12,0.308196164971991
"AL034397.3",25,0.300972817717545
"RGL3",4,0.31508404738387
"MDFIC",16,0.267269631463859
"CA5A",1,0.362932401902066
"AC004160.1",6,0.324849299279351
"RGS1",27,0.0506181406928289
"PYGL",5,0.142351833976571
"BCAT1",2,0.105900541651358
"RAB39A",4,0.102276483814565
"SRGAP2",9,0.223137575608991
"FKBP5",9,0.0521143878778423
"SPATS2L",5,0.080917824574933
"SERINC5",11,0.30047568529804
"TGFBI",4,0.118569995571284
"CD52",18,0.255870129429161
"ZBTB46",29,0.0447662379156362
"CFAP57",32,0.469413553299406
"GPR137B",2,0.0869554569923993
"AC068631.1",32,0.5426795092086
"CLEC9A",29,0.500111212090386
"HRH2",25,0.235051546355144
"SBF2",3,0.408839778956164
"PTGR1",6,0.316643159377571
"ABCC3",1,0.0567388875304533
"FYB1",8,0.0859059760672445
"TLR4",7,0.428650137691762
"PTPRM",9,0.185003022739873
"BUB1B",30,0.353816099528055
"LINC02484",6,0.424590683481322
"MIR122HG",6,0.139338743501949
"TMTC1",5,0.263380144770233
"ASAH1",2,0.136370684939477
"CSGALNACT1",11,0.224980268832871
"P2RY14",19,0.109288077062569
"KMO",22,0.261893795844268
"RGN",24,0.390583906922018
"HLA-C",18,0.350360931878056
"CYP3A5",10,0.330286983197625
"ADORA2A-AS1",24,0.232816734333758
"SLCO5A1",29,0.449563400737754
"PHACTR2",19,0.13201706090049
"AP002026.1",32,0.46394550040335
"WWP1",7,0.132361626199843
"VMP1",3,0.213321659650631
"HLA-DQA1",23,0.210590360082151
"TENM4",23,0.157434500886076
"ECHDC2",1,0.366513200761814
"LINC02532",24,0.432698897812206
"HNMT",7,0.0947994329135494
"PILRA",15,0.207006270148395
"ENPP2",5,0.255040281405153
"FTH1",2,0.0498170391731603
"TIMP2",12,0.205435090816895
"PAM",8,0.347509997508341
"CECR2",1,0.158850283643763
"OXNAD1",16,0.182389340253393
"ACTN1",4,0.0491631835785356
"LILRB2",15,0.193187212930141
"LARGE1",13,0.0901668049203983
"NCEH1",5,0.0748611028487018
"C8A",13,0.387679405356094
"F11",24,0.300672848406664
"MLXIPL",1,0.307058476174373
"MSI2",14,0.341888573121384
"AOX1",6,0.228499142167343
"IFNGR2",22,0.0474072212194459
"CYP2C8",26,0.00350920187426326
"CD160",21,0.169012938789781
"AC018467.1",24,0.27457891877076
"CEP78",20,0.300719897405894
"RBFOX2",10,0.165428052623602
"ZBTB7C",5,0.186447045560229
"LINC00937",25,0.239571710656296
"LINC01644",19,0.314087759765256
"XYLB",24,0.294438122628982
"NCK2",14,0.312499528289382
"AC007364.1",13,0.286776566666575
"KNG1",26,0.0470829585577271
"LINC01687",24,0.251982658700823
"CYP2B6",10,0.169190976141178
"GNB4",7,0.396702802486411
"PFKFB1",17,0.295056589972193
"PLCG2",21,0.290099373762919
"PNPLA3",1,0.405501192228171
"SLC6A1",1,0.310940242753716
"SLC4A4",21,0.178644601370838
"CENPF",30,0.296779302559188
"COL27A1",1,0.236833468532201
"STK3",3,0.199900682497484
"SRGN",27,0.0750384142170052
"RIN3",15,0.0244094421899564
"PPM1L",20,0.110841411893685
"BHMT",6,0.220521981142267
"MGAT4A",11,0.0916053056611838
"MAT1A",6,0.237710670118246
"FTL",26,0.256309243249097
"LINC02499",6,0.166746048817335
"MAML2",11,0.0468112031250362
"CUX2",1,0.44104378799052
"GPAM",6,0.280845912495429
"TTR",26,0.41608251451827
"PACS1",14,0.240335631073773
"ST8SIA6",21,0.205419084908762
"SERPINE1",10,0.0647367448754806
"P2RX1",15,0.367300021362573
"SLCO4C1",20,0.380655226159562
"RUNX1",14,0.278442990568709
"SLCO1B3",6,0.265928012653162
"CYFIP2",16,0.152264132369657
"MGLL",2,0.0579418849110721
"CTTNBP2NL",2,0.173626650590189
"TCF7",11,0.16740334827571
"HLA-DQB1",23,0.374999999950781
"HLA-DRB5",23,0.136468900149834
"CST7",18,0.127965405803443
"TTYH3",12,0.252173617298322
"PPARGC1B",12,0.235271583579075
"PTPRD",21,0.24519647145071
"GPC6",17,0.512216777284055
"COTL1",15,0.195904813952537
"FNDC3B",10,0.00364805723248956
"ELL2",17,0.0464940350297356
"VAV3",28,0.0974202465915147
"ARHGEF18",4,0.0407440848106643
"ABTB2",5,0.16346351509534
"PPP2R5C",27,0.140801260076599
"RNASET2",7,0.109520737309594
"PARD3",10,0.276021847406322
"KREMEN1",5,0.361989772343285
"THSD4",13,0.199895947743445
"TSHZ2",10,0.141271194182832
"AKR1D1",6,0.211151701616687
"EGFR",10,0.236621000945976
"C9orf72",15,0.0548366156506148
"TNRC6C",16,0.301873338360195
"ANLN",30,0.215900165126323
"MAGI1",13,0.33832842329384
"SDC2",1,0.116353599774637
"MYO9B",12,0.267441833688047
"SIDT1",8,0.29656377041461
"CP",13,0.155832441142134
"PAK1",3,0.126028113623715
"NLRC5",14,0.286970797168309
"FLVCR2",3,0.195816694375566
"ST8SIA1",8,0.202114826175291
"ABCB11",10,0.153663510106441
"COL18A1",1,0.262679821781783
"ITGA9-AS1",31,0.371592761164456
"TSPAN9",1,0.24538717618025
"CPB2",13,0.272687271921239
"HK3",4,0.210837279479181
"H2AFY",2,0.233852552004463
"TSPAN4",4,0.366709325185358
"GAS2",17,0.421591423230989
"OSBPL1A",7,0.325981214215504
"FAM20A",37,0
"ABCC6",1,0.279197965415621
"CYP4F3",1,0.186417902596093
"L3MBTL4",10,0.042987356107236
"PRKCQ-AS1",11,0.28217327435773
"LILRB3",25,0.0536206313975439
"CARMIL1",31,0.222598857148674
"ACACB",1,0.378101916554344
"AC243829.2",28,0.324746499072002
"CD69",27,0.274031156544514
"EPHX2",1,0.323040380003769
"BACH1",3,0.248113692575039
"PDE1C",29,0.497186585115065
"AC006369.1",16,0.3823517013354
"UTRN",15,0.0724479307297364
"C6",13,0.317242657936813
"EML4",8,0.210150411825711
"TEAD1",10,0.295256613763073
"TM4SF19",2,0.0476655303883387
"RNF157",19,0.0948165248635413
"ATP2B4",14,0.415179364910697
"MYO1B",10,0.13868370358982
"GC",26,0.0372358485617277
"RREB1",12,0.326026286419957
"MFSD1",2,0.219302123390085
"NFIA",17,0.205140963615556
"TFR2",1,0.394574983389943
"KCND3",10,0.0833765207679864
"DTNA",10,0.0828841245512114
"UPB1",24,0.319120790172171
"MAPT",32,0.366571230923485
"NLRC3",14,0.476739562579377
"C9",13,0.35846588296466
"ACMSD",13,0.248345604790927
"SLC7A2",10,0.405724630268987
"CDK14",17,0.253627502642033
"ENOX1",29,0.570816795360965
"LINC00970",5,0.33261705418682
"APOC1",26,0.577808363869095
"PLA2G15",4,0.308630902322023
"ARAP1",12,0.0955220723607063
"MYO1E",2,0.0907535257464474
"PTPN13",19,0.0706756806699423
"ARHGEF10L",1,0.258476383119814
"ADH6",6,0.203917020328639
"PLIN5",1,0.394648677517667
"ARHGAP31",22,0.124935463369038
"ZAP70",14,0.402559653407572
"SUGCT",17,0.244724842719788
"PROX1",13,0.235170024200312
"ALCAM",2,0.0608746115989749
"CFH",13,0.441251177090022
"BAAT",10,0.178398300584421
"IATPR",11,0.291618552196227
"ABCC2",1,0.205875132549075
"LINC01146",17,0.289721288532334
"NRIP1",9,0.154298199343651
"PLCB2",4,0.160014569674573
"AC016074.2",8,0.20100397616389
"HP",26,0.453221305176639
"MB21D2",22,0.113689328969489
"STK17B",8,0.175302653091519
"TBC1D16",9,0.124067811036701
"DHRS9",2,0.144345623474127
"C1R",1,0.210283229977555
"SLC38A4",6,0.324179392147306
"ADGRE3",15,0.194503767025051
"TRAT1",11,0.236913464937142
"RABGAP1L",8,0.286074311467048
"IL12RB2",21,0.0594310607344143
"RNF165",21,0.243147655132502
"PALM2-AKAP2",10,0.196006959209602
"SMPDL3A",7,0.149460974950628
"AC011586.2",2,0.169209594556252
"RASA3",20,0.092223906930596
"AC104459.1",32,0.518856307125994
"FN1",17,0.268046417120047
"RAPH1",6,0.364120063599051
"CD3D",18,0.171906396112891
"FBN2",5,0.216066085844587
"CD3E",18,0.106922392448151
"ABCB4",17,0.349617286573158
"SORL1",11,0.178838443335963
"TBC1D12",7,0.29149364617127
"SKAP2",3,0.272371515375449
"SIRPB2",25,0.111144154696563
"CAMK1D",12,0.334056096922925
"ALDH2",26,0.00736375997421099
"CHST11",14,0.142917654334842
"LY96",7,0.365762021387332
"PLXNC1",15,0.135883481675034
"MKNK1",9,0.142730277877078
"OSBPL11",7,0.0851823650367565
"CD55",25,0.180460803985505
"STK4",8,0.365739282096851
"CD300LF",15,0.290300669445846
"LINC01138",16,0.236142097549667
"MIR100HG",6,0.227473188464584
"SCP2",6,0.487804878001998
"AC020651.2",15,0.15917239895401
"TEC",9,0.185055600988864
"TNFRSF1B",15,0.164172584820825
"PECR",6,0.287836348790501
"HGD",24,0.176980329810126
"TBX21",20,0.258648454249116
"NFAM1",12,0.1929235447608
"MAF",4,0.0571455603010163
"AL450352.1",21,0.108972111131042
"PLOD2",10,0.0722756657604461
"ANKS1B",5,0.152843500609308
"AC046195.1",31,0.268656716376643
"NAGK",4,0.303823707592339
"PPP3CC",28,0.197293210590216
"ACAP1",14,0.463799359208769
"DOCK9",11,0.170887583247813
"SMAP2",15,0.0711546044481003
"BLVRB",4,0.121822934965462
"RBP4",26,0.363069226883905
"GLDC",10,0.17629410311854
"APOA1",26,0.591436450310988
"AL359915.1",6,0.188088723300722
"AC133065.1",31,0.0547242420223672
"NR1H4",13,0.193483006875634
"POU2F2",15,0.175432146456463
"APOA2",26,0.585633502403363
"P2RY12",31,0.0631323782326868
"SH2B3",12,0.204180232727643
"TSPAN5",14,0.207842546164201
"MOB3B",23,0.0144600543230193
"CD226",20,0.0164650110169871
"TNS1",1,0.0971706230699557
"PARP14",4,0.149042951781021
"AQP9",6,0.0988825127925533
"MGST1",17,0.255152737019063
"ADD3",11,0.154326708887013
"LINC01239",32,0.204929277387115
"CCR6",19,0.118765238887818
"C6orf62",4,0.279421417771516
"ATF7IP2",6,0.0632061772313997
"CRP",13,0.0542554768402236
"TYMP",4,0.07186681149256
"DLEU7",31,0.224909223479267
"NOTCH2",3,0.209671105295909
"AC119396.1",11,0.21971342626312
"LYVE1",9,0.303864430377515
"PROX1-AS1",13,0.189427768984591
"AP001636.3",23,0.0777853176220784
"DOCK10",8,0.199367071535253
"DGKA",11,0.124537986269875
"NEDD4L",10,0.0130271689013555
"PTPRK",17,0.35144352076947
"GRB2",3,0.29338135295489
"BBS5",2,0.280148672591293
"LIPC",1,0.244401611689499
"PFN1",18,0.373736262044355
"C1QB",4,0.158030094184026
"EPB41L5",24,0.304916776765652
"PRKCB",3,0.0909122683065674
"SERPINF2",1,0.372242984387428
"NAV2",10,0.252581986813334
"PBX4",14,0.22424924584596
"DMGDH",24,0.342160980853978
"TRABD2A",11,0.333993555215462
"JAKMIP2",28,0.217496136764683
"TBC1D22A",12,0.301405404896436
"CD28",11,0.218294194183116
"CCL4",22,0.0861490838095694
"ICAM1",22,0.17111812875606
"TTN",21,0.0582821806564806
"AC010280.1",1,0.234887925364159
"DGKD",21,0.108727608164741
"RBL2",16,0.282806450441078
"TRBC2",18,0.144021277863722
"ABCA6",24,0.210231573200808
"NRG1",25,0.126396505336325
"SNX6",4,0.218131875802808
"RNF13",3,0.272434229241263
"TPX2",30,0.536036907245615
"ADH1A",6,0.216865729254619
"ADGRG6",17,0.106467937024821
"OSBPL5",20,0.214249759630011
"GIMAP7",18,0.0960843048827373
"CES1",26,0.106104574959672
"SESTD1",3,0.329864765824807
"AC107021.1",10,0.13886888536916
"LPAR1",3,0.20813863165129
"WDFY2",3,0.270005176288658
"SFXN5",1,0.247641832963567
"HTR7",23,0.0840822794810901
"PTMA",18,0.314124908688779
"SCART1",19,0.187334777324638
"NFIB",17,0.29664892132388
"CTSL",2,0.074621788996448
"ZNRF3",6,0.203601335295502
"PLAGL1",7,0.174450617126394
"ALDOB",26,0.151363408984608
"CTNNA3",6,0.272726639299028
"MAP3K1",11,0.147682232874588
"GPR174",8,0.316602620560201
"ARAP2",8,0.154540696493757
"RASA2",8,0.264978458738557
"TDRD10",4,0.190476574698002
"HIVEP2",11,0.133817329376846
"ATP10A",20,0.0883300235792185
"NR3C2",16,0.09094838654024
"BHMT2",17,0.217757664148355
"SLC28A1",1,0.157223693259303
"GNG2",8,0.260569551602114
"IL18RAP",19,0.106358756671329
"ACPP",23,0.081153120371162
"DOCK8",3,0.0405903521027521
"FNBP1",14,0.0653876030799073
"CYP27A1",2,0.0605802010045492
"CABLES1",12,0.0826226660891061
"ANKH",9,0.0891437645341031
"TRPM2",23,0.0145160042093507
"HPN-AS1",32,0.14814814812037
"LAT2",21,0.129377468762227
"ESR1",6,0.361641235800028
"DPYSL2",7,0.152921490324759
"TENM2",17,0.396053080801346
"CD8A",18,0.0474337783738564
"CAPN12",1,0.267342208780197
"LINC01818",13,0.310314972194192
"SLC2A9",7,0.194338423727018
"SWAP70",7,0.252523904477317
"F12",1,0.169077856115517
"HMGCS2",26,0.023210848025002
"SLC30A10",1,0.113043288551276
"DIP2B",3,0.23630261660768
"PFKFB3",12,0.108607311543009
"DOCK2",14,0.0604038244020444
"APPL2",7,0.25510659857556
"RNF213",14,0.202007125058675
"SLC2A3",27,0.112816677803793
"MLLT3",8,0.355610769374668
"KIF13A",25,0.108188220572182
"MAOB",13,0.166040889190416
"C5",13,0.338662176651045
"SAMHD1",7,0.126812487265476
"AL136114.1",31,0.246321634955539
"FAM49B",21,0.0233782150144793
"ADGRA3",13,0.349942459031389
"PRSS23",20,0.323561896663928
"PLAC8",20,0.0882918626879453
"MYLK",24,0.144103831078467
"SULT2A1",35,0.364779874171196
"SLC49A4",7,0.407548715423405
"C4BPA",13,0.35750240040752
"AHNAK",14,0.258562018401928
"KLKB1",1,0.178559197495972
"HPX",26,0.0290943310014884
"SYTL2",19,0.0873153204829939
"PZP",28,0.174991547025865
"IQGAP1",3,0.262779655392695
"CRIP1",18,0.22468236313256
"CYB5A",10,0.157301887549115
"LRBA",8,0.360047543948216
"ZFYVE28",14,0.288674413669215
"MIR99AHG",17,0.318425669407889
"LINC00877",15,0.246291969565839
"LINC02027",17,0.241406298625096
"GRB14",33,0.319391634932325
"ATP2A3",14,0.445029857712789
"FKBP15",7,0.170511943346173
"JAZF1",20,0.145592970757217
"ZNF366",29,0.347119645208966
"PLEK",22,0.0843486391963973
"FCGR3A",9,0.0588997702022808
"ABCG8",1,0.172791208786862
"SPON1",19,0.279227357524887
"SLC39A14",1,0.108315160684355
"RAB27A",16,0.19269540611849
"A2M-AS1",28,0.194385063840106
"AKR1C4",6,0.263647908687363
"OAF",1,0.284786837051084
"AQP4-AS1",32,0.327059292880219
"CALD1",10,0.210149474777052
"ADAM9",2,0.158592944186392
"TFPI",13,0.237661189429706
"ERRFI1",10,0.279571458898585
"SMOC1",10,0.107912094010852
"SPECC1",23,0.0194703919398782
"EVL",14,0.457944603453896
"FGG",13,0.248814733185104
"CFI",13,0.237926280116643
"GZMK",18,0.0593124126596432
"CRYL1",13,0.048810543367092
"SH3D19",10,0.261463808622122
"KIF2A",8,0.23462297501421
"CROCC2",31,0.0635195299488593
"FRY",11,0.0340601261681227
"TRAC",18,0.0887026178320685
"SERPINA1",26,0.321670154421811
"CTSW",18,0.145465758918296
"XDH",10,0.219818072077395
"HSPA1A",2,0.0245118841504634
"SLAMF6",28,0.206412825607954
"FCRL6",16,0.11691812729053
"KIAA0513",15,0.282206043173738
"CYTIP",27,0.198799986045888
"AC008250.1",32,0.271774421073073
"COLGALT1",4,0.344587884758656
"SMCHD1",27,0.172331052728746
"CABP4",4,0.266934476852758
"ETS2",10,0.088856671806793
"AL139383.1",17,0.213431549439117
"NIBAN1",8,0.175595372914383
"CDC25C",30,0.523814285807413
"SCLT1",15,0.211694916076614
"LINC00907",6,0.275980883099486
"LINC01357",4,0.244997926342158
"SLC41A2",13,0.190539085713026
"AMBP",26,0.488888888843062
"TNRC6B",27,0.0597074418413015
"ATP2B2",1,0.196236221973167
"NFIC",12,0.0784397968429218
"APOC3",26,0.608362899082944
"IL1RAPL2",17,0.33578422327949
"C4orf19",13,0.172677934793195
"F5",17,0.152566856730446
"SCARB2",3,0.234716636156265
"AGTPBP1",28,0.0880015300436748
"IFITM1",18,0.344086021455898
"CHI3L1",13,0.0338739323213484
"NR5A2",10,0.226359655450169
"ACOT12",24,0.236163472926985
"RBMS3-AS2",31,0.195694465077331
"ATP2B1",3,0.110810492114621
"ANKUB1",31,0.247283472323109
"CYP2C19",1,0.176088278795207
"PARM1",29,0.356786789443551
"CLEC10A",23,0.198432280397535
"KIF14",30,0.224802744884415
"FGGY",13,0.385194019687596
"ITIH4",1,0.105724471240913
"CPNE8",3,0.211292224202435
"PEAK1",22,0.135204103471977
"AGBL4",9,0.252061378181726
"APOE",26,0.535168039170932
"KIF15",30,0.446892571597829
"TNFRSF21",9,0.245015303816101
"GK",25,0.222889659367453
"CHKA",35,0.270588235248443
"ZNF516",12,0.190781228751872
"TXNIP",18,0.102846829910716
"FMO5",10,0.270709239391699
"SEMA4D",14,0.308019076558855
"FCRL3",28,0.261836819616125
"THOC3",11,0.292501720792528
"TRABD2B",33,0.306503025249263
"AIG1",17,0.211819152036816
"CACNA2D3",23,0.194150241311189
"RESF1",16,0.291800659676859
"AC245297.3",16,0.379039267705249
"CUX1",12,0.240110459195524
"TSHR",32,0.283399149558023
"TMEM106A",4,0.196348788038418
"CDH5",5,0.162044420640438
"LPL",2,0.0422534648130013
"SLCO3A1",25,0.00727921936683294
"SVIL",15,0.0415176971243157
"MPP1",2,0.181607015701604
"ARHGAP17",7,0.135384198478066
"AC009093.2",12,0.247065666979492
"ABCD2",8,0.270320932459984
"AC061708.1",32,0.366785920396549
"P4HA1",2,0.0499748886217247
"FGL1",13,0.101104009174118
"TET3",12,0.270703190412199
"BTG1",27,0.162241985219499
"MAP3K13",6,0.215646049497157
"CLMN",10,0.112940133491131
"NAV1",29,0.0264667778481562
"EPHA4",11,0.355671197413787
"CIT",30,0.440020472953897
"HSH2D",21,0.073111833123442
"MAFB",7,0.221263213155621
"DMD",17,0.260530837056723
"PTPRG",13,0.186614835144287
"CDH2",17,0.304764325313439
"GRB10",1,0.112748447849298
"CEP85L",8,0.376100205885434
"HLA-DMB",7,0.196436975798616
"LGR6",20,0.0671835387309089
"CPED1",13,0.0619605215205858
"AHSG",26,0.130854835307364
"EPB41",11,0.151273935713125
"AAK1",16,0.219549803531682
"THEMIS2",4,0.141593007507621
"TMTC2",25,0.184362609462719
"PRKN",7,0.111486784341547
"PLEKHA7",1,0.144506259311602
"KCNT2",13,0.285465559879734
"ARHGAP21",7,0.155086139632781
"ANTXR2",8,0.16729279405046
"LDLRAD3",25,0.114763656153555
"SPN",20,0.084777385578877
"BCL2L14",32,0.40677466805169
"UGCG",2,0.239891894824443
"ITPR2",17,0.100104284318984
"CCNB1",30,0.280926926656461
"KCNJ5",2,0.248712147853051
"SETBP1",10,0.0346670687729565
"EXOC6B",3,0.216211770163323
"MFHAS1",3,0.0847785971037791
"CD4",7,0.179952529126049
"CHST12",14,0.315308011748151
"DENND5A",3,0.131435101536282
"RBMS1",16,0.148923636765749
"PRKCA",11,0.133109770609945
"AC104461.1",24,0.239450256041486
"ALDH1L1",1,0.170919695626279
"JUN",2,0.0320010006697504
"DOCK1",34,0.169372019232972
"ETNK1",3,0.157913694169465
"IDO2",6,0.122408494745826
"CCDC200",31,0.14285548567899
"CYP3A7",13,0.0213901462407041
"MAP3K8",9,0.088428967739795
"APBB2",6,0.237470304559496
"KIF11",30,0.441690909368546
"MME",6,0.23764426856684
"SLC22A15",25,0.160620063576885
"SH3PXD2A",12,0.130310796236468
"AP001011.1",27,0.0984790616904651
"FGB",13,0.087857241104252
"NCR3",19,0.111982492349525
"CD1C",23,0.133362703650277
"NUMB",25,0.227132708300233
"GLS",8,0.258514496481146
"MGAT5",14,0.0784976620009825
"PVT1",11,0.106282114982136
"ZMIZ1",12,0.1730884438764
"FAM20C",2,0.0362973869505506
"HAVCR2",2,0.0654118706799636
"CCSER2",8,0.298867925864304
"SCARB1",1,0.0298737310556908
"IFNGR1",7,0.289867879693396
"ESYT2",11,0.0848138864105811
"ASAP2",5,0.13678458801565
"BLK",19,0.218717259779893
"NAALAD2",5,0.126610448952376
"SLCO1A2",32,0.215526256639612
"MAST4",10,0.194434600192441
"VCL",20,0.114883100231699
"PRR5L",20,0.124671243513341
"PELI1",15,0.0109017796975392
"MAP4K4",8,0.0951484265880375
"AASS",17,0.303653074422048
"PTCH2",7,0.145133124669648
"MGAT1",2,0.125567352461541
"SIPA1L2",9,0.263343579810797
"PRCP",2,0.0764464307774289
"RGS3",14,0.138191831738081
"AL109930.1",32,0.289933408499344
"AGXT",1,0.0947779808123543
"ABCC9",6,0.167275638786502
"AC117377.1",5,0.200432505912226
"FPR1",31,0.107714554900256
"FCHSD2",3,0.231252482493484
"SLFN5",16,0.29957237400927
"ATM",28,0.0876276321146591
"AKNA",14,0.307156215923146
"BTK",4,0.123381221089627
"AC022075.1",28,0.227631555132808
"ATP5F1E",18,0.277477692713967
"PLCL1",11,0.103958039166977
"TPCN1",12,0.231797456741766
"NFATC2",14,0.1473747699455
"AC007391.3",6,0.158700402926862
"ACOT11",4,0.0966668038418224
"CFL1",18,0.295688034964315
"P3H2",5,0.168815618194123
"LGALS3",2,0.277066631412239
"ITGAM",20,0.0911103501591092
"TANC2",23,0.00313360995536269
"SNTG1",6,0.202154696055902
"ABCA8",24,0.218318494978164
"LTA4H",15,0.149623284140456
"FGA",26,0.110276805718923
"C1orf54",5,0.0519712566073114
"ITIH2",24,0.116240234147826
"KLF7",3,0.144272085457036
"SH3BGRL3",18,0.258037882768058
"SPIC",9,0.111344977544232
"SEPTIN6",14,0.317009459288004
"SIRPA",2,0.0960484421604381
"DRAM1",22,0.286171262497452
"KAT2B",8,0.148564298366598
"BIRC3",11,0.136098689293933
"RYR1",4,0.116167420959547
"TDO2",24,0.172692752094751
"FAAH2",11,0.236578316204065
"SLAMF7",28,0.192112802563186
"U91319.1",6,0.177282851140624
"ABCB1",19,0.0660400696263881
"TET2",3,0.140739545546159
"SLC37A2",4,0.152248828642068
"DLC1",24,0.266567673910617
"ABCG5",24,0.146400441102645
"PELI2",7,0.061856997692133
"HAO1",24,0.139134954508668
"PPARA",1,0.214081071954245
"ORM1",26,0.212793450318555
"SOGA1",4,0.123572121759386
"A2M",10,0.019567155892374
"CETP",5,0.203038495907842
"RASSF2",25,0.0496452550423315
"SH3RF1",3,0.0792688422012763
"DPYD-AS1",31,0.109782147708463
"MBP",14,0.152113783132
"PALMD",6,0.11131208638077
"C4BPB",13,0.236937794744344
"SORBS1",10,0.177190477788302
"SDK1",29,0.561144235932409
"TMEM220-AS1",1,0.186395299489817
"SLFN13",21,0.203693021430102
"GDA",10,0.247104247054254
"MARC2",1,0.154349482512136
"PAPSS2",6,0.110419118540588
"NUSAP1",30,0.14299414067049
"KCNQ3",19,0.0664078394358307
"SNX8",12,0.217229023910541
"HSPA1B",2,0.0247486558376542
"AC243964.3",1,0.108988816653088
"ZNF704",5,0.111459087087599
"MYO15B",4,0.140362681386264
"OSCAR",25,0.130366091840047
"PLSCR1",25,0.0759127028194315
"DPYD",3,0.336929567694211
"C8B",13,0.232928157592064
"TTTY14",1,0.0269880903828498
"USP6NL",10,0.0329369685920416
"ARHGEF28",6,0.23461660152923
"SH3KBP1",8,0.235812961056674
"KCNQ1",12,0.200854550776147
"TMC3-AS1",6,0.156373380087648
"PSTPIP2",22,0.304347826039319
"LINC00649",16,0.259333860502184
"PBLD",1,0.110570427744108
"DNAH14",24,0.0811849783149971
"UGT2B15",6,0.202093211870703
"IL6R",1,0.107687971565515
"SRGAP2B",9,0.26110526328524
"TMEM131L",3,0.0361467758479908
"SATB1-AS1",19,0.0632648248905088
"CKLF",16,0.270437248537459
"GSTA1",26,0.0826874614594718
"FOXP1",11,0.102789245003637
"EYA2",2,0.122488690615834
"SLC1A1",13,0.110964345239408
"FGL2",2,0.0335681596579019
"ACTG1",18,0.324591895281265
"FOXP2",17,0.350461908983033
"FBXO17",1,0.193478155946764
"CD80",22,0.174237549565415
"GK5",20,0.227254964632047
"CTSZ",2,0.0520972715881633
"DDAH1",10,0.175261450009801
"KNL1",30,0.405802958726633
"PARD3B",17,0.118914145637754
"SLC22A3",13,0.182148799836013
"MCOLN2",16,0.159696148893328
"AP1B1",4,0.0892159166034123
"TLE4",3,0.138593791267917
"SARAF",27,0.216999487491895
"ELMO1",12,0.127881104097584
"TLE1",10,0.0445063834886108
"GPLD1",24,0.18800855022704
"LBP",13,0.172912219230561
"ERBB3",1,0.21745441897646
"AFMID",1,0.193792007740643
"CERS6",3,0.229082440319104
"USP32",3,0.248687946842944
"ENPP1",10,0.0941506537130261
"ARG1",24,0.140394746613941
"SGK1",2,0.169434906246781
"FOS",27,0.0195057563845699
"SULT1E1",6,0.24551485185345
"CATSPERB",16,0.36246910138807
"ITSN2",4,0.145383006245984
"CCDC170",9,0.0960730195967114
"DAB1",21,0.256136443069098
"GLYATL1",24,0.0936061191629187
"NABP1",7,0.083746371604152
"NTN1",1,0.143217006945503
"LRRC8C",11,0.227897943829046
"ACOX2",1,0.166858882040952
"CD44",22,0.0508419207077202
"PCED1B-AS1",16,0.263488277693865
"ADAM23",11,0.0563110153145299
"CD8B",16,0.138963752322699
"SNCA",23,0.0575138393362086
"ST3GAL6",2,0.034864894742127
"USP28",28,0.290985314278585
"PCCA",10,0.0771746551020109
"CREG1",9,0.147699304013141
"CMTM8",1,0.115521055163611
"GREM2",10,0.227868575477098
"UBA52",18,0.230057424604255
"ATP6V1B2",2,0.167018335316162
"ARHGEF11",3,0.154550888176014
"TIAM1",10,0.0137322299496099
"AP001021.3",32,0.233204927090398
"KIF16B",29,0.0348007861753898
"TYROBP",4,0.0277886189658302
"CEMIP2",27,0.16608063263757
"DIAPH1",8,0.130563590861696
"DLEU2",3,0.0995762337255252
"MYL12A",18,0.181564983357551
"ARHGAP25",3,0.0586990592979415
"IGF2-AS",32,0.272868694647918
"ZNF827",16,0.232300211778368
"LINC00278",3,0.0409676347415731
"AC011257.1",31,0.104017552173161
"ATP11A",12,0.177768669183198
"LITAF",12,0.0618399643631844
"FLNA",18,0.0737548152172454
"FGF14",10,0.101229757432246
"MYRIP",17,0.332326430985578
"TLR1",7,0.183665667296048
"CNKSR3",24,0.17635956251937
"EEPD1",10,0.123504289542842
"EXOC3L4",1,0.145879920731233
"SLC14A1",14,0.123086892382954
"FABP1",26,0.403573919765113
"TMEM45A",10,0.176212945080344
"SDCBP",2,0.128642043997071
"UHRF1BP1",7,0.25057355648606
"GCKR",1,0.0995334534519461
"PROS1",13,0.193340814722438
"RAB10",22,0.0698650436260565
"HIP1",14,0.168001543993376
"TBC1D31",19,0.100378685093285
"MST1",1,0.156784688301997
"SRC",22,0.139550333275008
"NLN",3,0.112729557942324
"AL133247.1",32,0.321340144965919
"VAV2",1,0.0768015794407421
"AC093895.1",23,0.0065036216833849
"KIF5C",19,0.18937608009088
"MICU1",6,0.0446823761930277
"ZNF609",5,0.161580896059981
"EHBP1L1",4,0.127322779622199
"HNF4G",17,0.241056825073765
"SLC23A2",36,0
"VAV1",4,0.0815881694353641
"PHC2",2,0.0476208712376404
"ADGRE1",22,0.121236856435764
"LINC00243",16,0.277849622618912
"C1QA",4,0.11339086977284
"GNG7",29,0.0321550751521681
"COL23A1",12,0.0479507186858522
"ZC3HAV1",16,0.235302740145269
"YWHAZ",8,0.228412831588321
"FUT8",8,0.24918411364866
"AC007262.2",13,0.185904261756189
"LGALS9",4,0.202082507435333
"SEC14L1",12,0.108711961593619
"DLGAP5",30,0.297557162269806
"SH2D3C",14,0.278042997385625
"HIF1A-AS3",2,0.102762553922006
"DNAJC5",12,0.281202241421705
"MCUB",11,0.147626301336542
"CLU",26,0.279276093576524
"SH3BGRL",7,0.219404055655891
"CD7",18,0.0598968376161541
"ANKRD36C",4,0.196001598246573
"APOC2",26,0.24780250193854
"SSBP3",20,0.147171870744607
"EHBP1",17,0.379793720041685
"GPR171",19,0.0368045199615282
"WARS",22,0.0384647451512813
"TNFRSF25",11,0.0899512248629145
"NOL4L",14,0.367584761852889
"LINC00612",28,0.202636630412793
"TENM1",24,0.283865022707113
"HAL",10,0.123166027325211
"POR",10,0.222144582568561
"KCNJ10",22,0.0521131658810334
"PPARGC1A",10,0.149785256833464
"PDE4DIP",22,0.0788736386814504
"CORO1A",18,0.0805371666699856
"MPP7",11,0.066250835480353
"SLCO1B7",6,0.17305890590663
"IFI30",2,0.0230619226631961
"TOGARAM2",21,0.205559012005493
"AC023051.1",32,0.225029854442516
"SPATA7",7,0.308498497032957
"GRTP1",1,0.310428379282167
"PHLDB2",17,0.119303195260301
"ACSM5",33,0.140482333282792
"TTPA",6,0.1582222975477
"ANO1",1,0.280814881986377
"GPRIN3",8,0.221298441034587
"CFHR4",13,0.175042430763823
"APOC4",26,0.0612361827651843
"PON3",24,0.249709700635764
"SLC15A3",2,0.0943778864250773
"RNF149",15,0.0252806330356673
"DLG2",6,0.256056024264291
"MYO5A",7,0.0618517300375441
"XIST",13,0.0176506972864036
"RRAS2",16,0.185080561930221
"ZNF106",7,0.221269323649533
"TMCC1",3,0.228166473687988
"CDCP1",2,0.172385017093476
"PKIA",11,0.140756786829651
"UBASH3B",9,0.060694330495113
"WDR72",24,0.209374233109036
