"gene_name","module","kME"
"JUN","red",0.529599234022435
"SFTPB","red",0.511538318178038
"CLDN18","red",0.471790699959036
"DUSP1","red",0.429096787086658
"SMARCA5","red",0.419379025261352
"EMP2","red",0.41789394082074
"ICAM4","red",0.406629943580703
"SDPR","red",0.397930941430544
"KRT19","red",0.382756921336948
"AGER","red",0.373576105279095
"CAV1","red",0.372661694300743
"ATP1B1","red",0.372061165727121
"EDN3","red",0.370375295401587
"NDNF","red",0.364340132348666
"ANXA2","red",0.363721869913184
"CD47","red",0.359527641427775
"S100A6","red",0.357973544658931
"C1orf116","red",0.353613662590417
"ST6GALNAC5","red",0.351357281274652
"MSLN","red",0.346509772903804
"CRIP1","red",0.345955227364216
"ICAM1","red",0.339843907752314
"CAV2","red",0.33914531212405
"PDPN","red",0.333065122135212
"H3F3B","red",0.331854183914092
"C1orf198","red",0.316070906114445
"LMO7","red",0.315335595050281
"GJA1","red",0.31510990613733
"BCAM","red",0.315004421310871
"BTG2","red",0.303254674327596
"CLDN4","red",0.299739338779172
"AHNAK","red",0.297082079088696
"SPTBN1","red",0.294304721546352
"KLF5","red",0.291636127714192
"ELF3","red",0.290196601010982
"EFEMP1","red",0.288220744981852
"PTP4A1","red",0.288198758726911
"ITGA3","red",0.284865957484193
"SEPP1","red",0.278861304038623
"BMP3","red",0.277059253162278
"LGALS3","red",0.276109770118924
"TXNIP","red",0.270828814201089
"CD9","red",0.26849663782011
"RNASE1","red",0.268135992739481
"HOPX","red",0.265205242384664
"LMO4","red",0.259963219443109
"DSTN","red",0.259047316187046
"KLF6","red",0.258321710134039
"S100A11","red",0.257655468763908
"MXRA8","red",0.248737178048813
"CCND2","red",0.248636845395297
"PTRF","red",0.247973635893514
"DHCR24","red",0.242561549403457
"PTP4A2","red",0.24029343102894
"STOM","red",0.23803537666674
"FLRT3","red",0.237178354906984
"ARL4C","red",0.233240809805285
"IRF2BPL","red",0.232056516955373
"PLS3","red",0.228165793825523
"EZR","red",0.227224285508666
"CYR61","red",0.226115490718348
"IFT57","red",0.225743638513945
"EFNA1","red",0.225409872645484
"FSTL1","red",0.224230758602975
"CLDN3","red",0.222495966603897
"CYB5A","red",0.216177134512612
"SERPING1","red",0.213192419957363
"AMOTL2","red",0.197711581549864
"CLU","pink",0.425875020923953
"BTG1","pink",0.403691173077116
"CST3","pink",0.374372312247098
"LAMP3","pink",0.357985412068505
"ENO1","pink",0.34173838779826
"COL1A1","pink",0.315826266105063
"C16orf89","pink",0.314975234631984
"MLEC","pink",0.304726783897794
"VWA1","pink",0.295471340811415
"NID2","pink",0.291037293946606
"FCGRT","pink",0.271623202612197
"CD74","pink",0.268342397458334
"CRABP2","pink",0.258013089391846
"CDH16","pink",0.253784061879948
"IQGAP1","pink",0.253702228222967
"PKM","pink",0.251678067629611
"ZNF503","pink",0.2482550489632
"ODC1","pink",0.247121520940564
"BAMBI","pink",0.243811462596248
"TKT","pink",0.241821776228371
"NAPSA","pink",0.23439889745067
"ID2","pink",0.232879202892632
"THBS1","pink",0.232229741525038
"ID3","pink",0.231486817719224
"MEST","pink",0.231197421506413
"RRBP1","pink",0.229307412554873
"ASPSCR1","pink",0.226167858991626
"CALU","pink",0.223763469435192
"MMP15","pink",0.220366435642024
"SCARB2","pink",0.219997303205538
"CTSC","pink",0.217801373209874
"GPR116","pink",0.216314830266224
"IRX5","pink",0.210174903587333
"FAM210B","pink",0.204942919337408
"NSG1","pink",0.203339422667347
"WNT7B","pink",0.198313928176255
"LDHA","pink",0.197624816098431
"MYO1B","pink",0.196519930423003
"AGPAT2","pink",0.1962585547722
"CDCA7","pink",0.195017653854099
"ABCA3","pink",0.19403174248407
"RAP1GAP","pink",0.192982591423595
"COTL1","pink",0.1894259764568
"DUSP6","pink",0.189115407498663
"CNDP2","pink",0.187170372176574
"PLOD1","pink",0.184095047676475
"PKDCC","pink",0.175179806286144
"TGFB3","pink",0.174058353730822
"ANP32E","pink",0.170920377629705
"ACADVL","pink",0.168019134294571
"PAICS","pink",0.167105019237849
"RPLP1","brown",0.509229045902271
"TMSB10","brown",0.508046605421235
"ACTG1","brown",0.49835801933928
"RPLP2","brown",0.476738411582459
"EEF2","brown",0.449589278540935
"HNRNPA1","brown",0.448375759412097
"TPT1","brown",0.444938541651764
"RPLP0","brown",0.437909879075271
"GNB2L1","brown",0.426344912044111
"TMSB4X","brown",0.423152895012052
"HSP90AB1","brown",0.404515307042524
"GAPDH","brown",0.398399312899236
"PTMA","brown",0.397744446609774
"GSTP1","brown",0.39566981029833
"PABPC1","brown",0.394964112937507
"ACTB","brown",0.388339335834419
"FAU","brown",0.388155692205376
"CALR","brown",0.38250368748745
"MYL6","brown",0.382375772082657
"GNAS","brown",0.379614446376393
"TUBB","brown",0.369965536260247
"APLP2","brown",0.368260885699264
"PPDPF","brown",0.366555689090569
"SPARC","brown",0.359733455876622
"HSP90B1","brown",0.351884159910595
"UBB","brown",0.351754160654392
"MDK","brown",0.350554922132586
"MYL9","brown",0.34590809427459
"CD63","brown",0.343099078113403
"SDC4","brown",0.341090835150419
"TUBA1B","brown",0.340474611578528
"TMBIM6","brown",0.33292274524188
"FTL","brown",0.329825981094364
"SLC25A6","brown",0.325269038421048
"S100A10","brown",0.322402935542766
"HSPB1","brown",0.319629527958584
"HSP90AA1","brown",0.31834775661545
"MARCKS","brown",0.316525702222948
"PTMS","brown",0.316405926227526
"KRT8","brown",0.31387311028459
"UBA52","brown",0.313107354848275
"CD81","brown",0.312826153704987
"CEBPD","brown",0.311007044271149
"PFN1","brown",0.309701953931221
"SSR2","brown",0.306400609940555
"MUC1","brown",0.305800455857801
"CFL1","brown",0.305516024766877
"MARCKSL1","brown",0.305103703462509
"AES","brown",0.304747647861261
"CRLF1","brown",0.302555561728829
"STMN1","brown",0.301274479714267
"SDC1","brown",0.300979716604418
"ACTN4","brown",0.300542830025252
"SOX4","brown",0.300471563221145
"YWHAE","brown",0.299770872495809
"ZFP36L1","brown",0.298452792581599
"SET","brown",0.29786792199278
"PLD3","brown",0.296762032608053
"EEF1A1","brown",0.295490817002876
"GLTSCR2","brown",0.294736371177615
"CTSD","brown",0.293289405586692
"SERPINH1","brown",0.291812265707834
"EIF1","brown",0.290804062374299
"HSPG2","brown",0.289628527934622
"P4HB","brown",0.285484102547825
"EEF1B2","brown",0.284062066470072
"CIRBP","brown",0.283742129458745
"BSG","brown",0.281843236903339
"PSAP","brown",0.281205735752293
"PTPRF","brown",0.28024987080071
"JUND","brown",0.278975673292503
"PPIB","brown",0.278440986399122
"OAZ1","brown",0.278373524277157
"ITM2B","brown",0.277227752559271
"COX7C","brown",0.2768342944877
"H1FX","brown",0.276137427984573
"NUCKS1","brown",0.275372114226561
"CALM2","brown",0.275069592142352
"KRT18","brown",0.274899853583875
"UBC","brown",0.272667088894115
"NKX2-1","brown",0.270409345886229
"SERF2","brown",0.270244486389561
"NGFRAP1","brown",0.2689979599167
"EPCAM","brown",0.267831527287128
"IRX3","brown",0.267306763782877
"BTF3","brown",0.266491869078193
"SLC25A3","brown",0.266460803750426
"IRX2","brown",0.266270003734571
"HMGA1","brown",0.265486135398197
"CAPNS1","brown",0.265316118963268
"CD151","brown",0.265140716672404
"LDHB","brown",0.262534093191285
"EIF4A2","brown",0.262503477117713
"NCL","brown",0.261432948098856
"PEBP1","brown",0.260973704260848
"CLDN6","brown",0.260394654817985
"LAMA5","brown",0.259665100197901
"EDF1","brown",0.25843480592527
"TSPAN13","brown",0.258093609662823
"HNRNPU","brown",0.255064035952759
"COX4I1","brown",0.254170560362578
"RHOA","brown",0.254042004851263
"POLR2L","brown",0.253404861119898
"CANX","brown",0.252644856392772
"YWHAB","brown",0.251338926009093
"MYL12B","brown",0.251193601095578
"TMEM30A","brown",0.251031733232318
"HSPA5","brown",0.250564261917638
"NPM1","brown",0.250366263680619
"PCYOX1","brown",0.248278643862539
"TRIM28","brown",0.247437902030245
"TPI1","brown",0.246980641945229
"MRFAP1","brown",0.246973264915205
"COX8A","brown",0.246620384636259
"ID1","brown",0.245251055732537
"HNRNPK","brown",0.245097204510356
"CDC42","brown",0.243885593972858
"HMGN1","brown",0.243566325277286
"B2M","brown",0.243416558726737
"IFITM3","brown",0.243376265663477
"HDGF","brown",0.243337557716941
"LAPTM4A","brown",0.243112817883019
"FLNA","brown",0.242439586453476
"MYH9","brown",0.242398352249115
"LGALS3BP","brown",0.242233446999883
"NACA","brown",0.24222353945823
"EIF4G2","brown",0.241695748654102
"TUBA1A","brown",0.23955530365221
"HNRNPA2B1","brown",0.239541753240974
"SPINT2","brown",0.23915751600566
"TRMT112","brown",0.238762627637451
"HBA2","brown",0.238634507158403
"CCNI","brown",0.23712834434585
"HNRNPUL1","brown",0.236958291555057
"FOXA2","brown",0.23583912010393
"PHB2","brown",0.235480572426719
"SERBP1","brown",0.235240332584037
"CSDE1","brown",0.234545514984365
"NDUFS5","brown",0.234280296797681
"ATP1A1","brown",0.233126265325385
"GNAI2","brown",0.232785624539594
"CRIP2","brown",0.23246419101199
"NONO","brown",0.232384755576865
"EIF4G1","brown",0.231321083218205
"PRKCSH","brown",0.231220709935151
"ATP5E","brown",0.230074170461139
"QSOX1","brown",0.229798288315809
"EEF1D","brown",0.229456832386775
"KHSRP","brown",0.228728822926143
"FAM129B","brown",0.228264003769311
"CLIC3","brown",0.227997321136185
"TPM4","brown",0.22771697876944
"PNRC1","brown",0.226772676855116
"CKAP4","brown",0.22664693851
"CKB","brown",0.226574383547329
"PRSS8","brown",0.2264501405813
"KCTD12","brown",0.226017936127488
"GPX4","brown",0.225723210258839
"RPSA","brown",0.225002918385862
"HNRNPA0","brown",0.224857415381545
"RBM3","brown",0.223499303495261
"CALM1","brown",0.223267133567453
"PFDN5","brown",0.22243491231552
"COX6B1","brown",0.221291347555214
"COX6A1","brown",0.220653240668015
"PRDX5","brown",0.220308801004428
"KHDRBS1","brown",0.219770405132024
"NAP1L1","brown",0.219468630750626
"NDUFA4","brown",0.218300164438087
"CNN2","brown",0.218249553899137
"ANXA5","brown",0.218070372174581
"GNG5","brown",0.218010919013802
"CD99","brown",0.217819366533015
"ARF1","brown",0.217198674881113
"PRDX6","brown",0.215214336198155
"DDOST","brown",0.214919807097737
"SSR4","brown",0.214779496123138
"CHCHD2","brown",0.214762035037143
"RNASEK","brown",0.214465601830252
"ATP5G2","brown",0.214263335676649
"OST4","brown",0.213862210613936
"C19orf43","brown",0.213454454180338
"S100A14","brown",0.212857420154651
"EMC10","brown",0.211959917825295
"LAMB2","brown",0.211863359551494
"PRKAR1A","brown",0.211795071015639
"MYL12A","brown",0.211558524531963
"PCBP1","brown",0.211412306568787
"WDR83OS","brown",0.210375890307617
"RSL1D1","brown",0.21013221459367
"COX5B","brown",0.209499420262273
"UBL5","brown",0.209435507287257
"MAGED2","brown",0.209185445448035
"MIDN","brown",0.208979040679482
"CUTA","brown",0.208933432841598
"SNRPB","brown",0.208776972238355
"EIF5A","brown",0.208591147491311
"PLXNB2","brown",0.208584314964584
"KPNB1","brown",0.207435619094926
"NT5DC2","brown",0.206814779111406
"PPP1CA","brown",0.206745681029256
"COX6C","brown",0.206735564434321
"LAMB3","brown",0.206487582402357
"PA2G4","brown",0.206351680212326
"SNRPD2","brown",0.206050795267216
"COL4A2","brown",0.205636257888927
"SPINT1","brown",0.204768800739402
"ATP5B","brown",0.204517367536604
"ERH","brown",0.204349442504239
"SUMO2","brown",0.204232658001829
"PPP2R1A","brown",0.204076306428687
"EID1","brown",0.202743690927093
"ATP6V1G1","brown",0.202556994440693
"MZT2B","brown",0.201828298099533
"CALM3","brown",0.201826464604717
"UQCR11","brown",0.201681037545277
"PARK7","brown",0.201255534095601
"DYNLL2","brown",0.20084623206433
"ARHGDIA","brown",0.200801469020276
"ZFAND5","brown",0.200748791660886
"SNRPD3","brown",0.200262092321816
"HINT1","brown",0.200146607897648
"TRAPPC1","brown",0.199577937898476
"NDN","brown",0.199113392596872
"PHPT1","brown",0.198313190204398
"ATP5L","brown",0.198172120022774
"DAG1","brown",0.198037175702828
"HBA1","brown",0.197098226209601
"FOXP4","brown",0.195788604816264
"PRDX1","brown",0.195114342767893
"RAN","brown",0.194895937147074
"IMPDH2","brown",0.192578674184384
"F11R","brown",0.192269002391594
"FKBP1A","brown",0.192149605990254
"MCL1","brown",0.19209972287605
"NFKBIA","brown",0.191738541707783
"ATXN7L3B","brown",0.191660173171056
"TIMM13","brown",0.191154325654858
"SOD1","brown",0.19111992208083
"H1F0","brown",0.189506660389341
"UQCRQ","brown",0.18854325103962
"UQCRB","brown",0.188103673534923
"NDUFB9","brown",0.18766895910997
"CNN3","brown",0.187106089883396
"GABARAP","brown",0.186856653495064
"AP2M1","brown",0.186733129352588
"SMDT1","brown",0.186242311476969
"WDR82","brown",0.186015547617722
"FTH1","brown",0.185212340665842
"SUSD2","brown",0.185018436693618
"ATF4","brown",0.183743138355908
"PSMB4","brown",0.182793625163602
"VAMP8","brown",0.18278272630234
"GPX1","brown",0.182119210300154
"PSME1","brown",0.180079095890879
"DDT","brown",0.17812462494171
"CEBPB","brown",0.177813978586551
"BAG6","brown",0.17761624395384
"TCEB2","brown",0.177111665496694
"HSPE1","brown",0.176853971285786
"UQCRC1","brown",0.17640869297958
"TMEM258","brown",0.17633691869729
"DBN1","brown",0.176202492508779
"SEC61A1","brown",0.172785267455732
"IFITM2","brown",0.172365473250007
"CLIC1","brown",0.170023146034559
"NDUFB11","brown",0.169729014632073
"KLHDC3","brown",0.168575871295563
"TRIM8","brown",0.165793538542536
"CENPB","brown",0.162889255576923
"IMMP2L","green",0.360624526800215
"MBD5","green",0.354793562968537
"CADPS2","green",0.340329328733415
"SFTA3","green",0.335472046168033
"SOX5","green",0.333009574369126
"PRR4","green",0.322052479741403
"SMYD3","green",0.320207945727461
"FHIT","green",0.313866133114285
"MACROD2","green",0.305698338237897
"PPP1R9A","green",0.303126453695668
"PKHD1","green",0.300986587839424
"ARID1B","green",0.299217834436775
"MAML3","green",0.298607201059419
"DNAH14","green",0.297909576717349
"RORA","green",0.297843772396356
"PARD3","green",0.296659712895322
"KDM6A","green",0.295039118542465
"PTPRM","green",0.281420810419199
"INADL","green",0.280542805500673
"ANK3","green",0.27828606358622
"TBC1D5","green",0.277763344767102
"TTC6","green",0.276201000527012
"TCF12","green",0.274603212623303
"SDK1","green",0.274311290880321
"EXOC4","green",0.272008929781239
"PTK2","green",0.271060818986144
"BAZ2B","green",0.265238429438843
"EFNA5","green",0.260633370294166
"GPHN","green",0.260082955488918
"EXOC6B","green",0.260076933711529
"SPIDR","green",0.258540025316919
"AC011043.1","green",0.258295155912581
"CAMK2D","green",0.257146330306931
"RERE","green",0.255551148550045
"ST6GALNAC3","green",0.254167664878003
"RABGAP1L","green",0.253510343349494
"FMNL2","green",0.253374782022847
"MAP7","green",0.249683608979321
"FAF1","green",0.249578737036468
"TANC2","green",0.249133234446075
"CAMKMT","green",0.244585351190739
"TRIO","green",0.24421753990358
"KANK1","green",0.244013233775692
"AGAP1","green",0.241823997786364
"BRAF","green",0.241172150925895
"CECR2","green",0.236901939184964
"STAG1","green",0.236895230601811
"FCHSD2","green",0.235962386462842
"ARL15","green",0.235640558668296
"RAD51B","green",0.233073375847685
"PCCA","green",0.233020766383938
"ZCCHC7","green",0.232749164361183
"FOXP1","green",0.231448945171897
"IGF2BP2","green",0.231004842356894
"CDKAL1","green",0.230930767969975
"EHBP1","green",0.230764809549208
"FBXL17","green",0.227820126546526
"NCOA2","green",0.227497501748257
"SLMAP","green",0.227277254679726
"FBXL20","green",0.226787909101939
"KLF12","green",0.226185428493866
"ZNF638","green",0.225426209606942
"HIBCH","green",0.224795706813024
"TVP23C","green",0.22327106335467
"REV3L","green",0.223049500548489
"DLG1","green",0.222697217511768
"TMEM14B","green",0.222682784539875
"PAN3","green",0.22229043029922
"TBCK","green",0.220683330765576
"PLAGL1","green",0.219672054378964
"SRPK2","green",0.219445094726057
"MKLN1","green",0.219125246646424
"TTC17","green",0.218408336073864
"MAPK8","green",0.218018868864057
"PDE3B","green",0.217288494205182
"USP34","green",0.216586485208579
"AKAP13","green",0.215499703535287
"RFX3","green",0.21548149453738
"PPP1R13B","green",0.215340847237669
"WDFY3","green",0.215298831479854
"RP11-1084J3.4","green",0.214267953407973
"FER","green",0.214170296834234
"MNAT1","green",0.213599695748488
"SOS1","green",0.213051395765982
"LRRC16A","green",0.212238063735447
"ZMYM2","green",0.212023058437365
"HDAC8","green",0.21155624701199
"SAMD12","green",0.211340770331849
"SCAPER","green",0.210267093883481
"BBS9","green",0.209227484227466
"ERC1","green",0.207417171963844
"PHF21A","green",0.207355987921054
"WDPCP","green",0.206923047532177
"TNFRSF19","green",0.206483887358325
"VPS13B","green",0.206320716361643
"CDK14","green",0.205813232781365
"MIPOL1","green",0.205574735231157
"PLCB4","green",0.202025248028867
"PTBP2","green",0.201848326735804
"CLASP1","green",0.201664759197885
"PTPN4","green",0.200960577985555
"MLLT3","green",0.20067433150009
"PIBF1","green",0.200537576496545
"NF1","green",0.199631037215138
"HERC4","green",0.199134814140804
"NKTR","green",0.199119114944496
"MLLT10","green",0.198935680571805
"BIRC6","green",0.198662869635224
"RBM6","green",0.198056029013069
"ITFG1","green",0.197487580417634
"COG5","green",0.197052255727117
"DPH6","green",0.196923999302445
"ZNF292","green",0.196816883745205
"FARS2","green",0.196325670795605
"MAP4K3","green",0.193833576234909
"BMPR1A","green",0.193808347718567
"ZDHHC21","green",0.193567527447481
"CHKA","green",0.19265758404872
"BCKDHB","green",0.191970931962139
"ZNF609","green",0.19130424509234
"CHD9","green",0.191239134813464
"SYNE1","green",0.1898938694904
"MEF2A","green",0.189393950098545
"PAPD4","green",0.189147571313769
"UBE3D","green",0.189117768299519
"DOCK7","green",0.18887376014036
"RP11-159G9.5","green",0.187837465610837
"FNIP1","green",0.187741810710675
"WDR70","green",0.187394923654162
"FRYL","green",0.186712929672052
"VWA8","green",0.186476953688453
"RFX7","green",0.18519522699204
"MON2","green",0.184843660160712
"FGF13","green",0.183897005421734
"UPK3B","green",0.181679012404858
"MAP2K4","green",0.180470164939896
"FBXW7","green",0.178434086045473
"ATP9B","green",0.178273072574952
"AP3B1","green",0.177440177675364
"TPD52","green",0.177244663072272
"P4HA1","green",0.175138848958682
"GTF2IRD1","green",0.174458324262601
"RCOR3","green",0.172328784437843
"ZSWIM5","green",0.170862010965606
"IRAK1BP1","green",0.168615541109798
"SUMF1","green",0.165582362683144
"USP32","green",0.162003312101704
"MAN2A1","green",0.157467975392572
"KCTD1","green",0.15633677703468
"GPC5","turquoise",0.572362072144734
"KAL1","turquoise",0.555626949227323
"NCKAP5","turquoise",0.523683573778572
"DMD","turquoise",0.510875224247674
"SCGB3A2","turquoise",0.502679492265082
"NTN1","turquoise",0.494401450531215
"RBMS3","turquoise",0.456134376599513
"ADAMTSL1","turquoise",0.436392284168927
"CTNND2","turquoise",0.421298983353937
"MAGI3","turquoise",0.420923192052928
"ERBB4","turquoise",0.401039085310327
"FAM189A2","turquoise",0.400466504114017
"NEDD4L","turquoise",0.395509110737848
"GPRC5A","turquoise",0.39449768291686
"LPHN3","turquoise",0.39223954429852
"ALCAM","turquoise",0.378546218962531
"GLCCI1","turquoise",0.375897587980791
"CLIC6","turquoise",0.375611663566137
"FAM129A","turquoise",0.371647987928841
"GDF15","turquoise",0.364969695222364
"AQP4","turquoise",0.364077018901177
"CNTN4","turquoise",0.362944703063088
"NPNT","turquoise",0.349101586942496
"SMOC2","turquoise",0.340936434052436
"ZNF608","turquoise",0.333603823904285
"PCDH7","turquoise",0.331571226712887
"CLIC5","turquoise",0.331434834640816
"SEMA3E","turquoise",0.330537502363749
"PRKCE","turquoise",0.328840879407377
"TMEM132D","turquoise",0.328693268105821
"ANXA3","turquoise",0.328498273836971
"IGF2","turquoise",0.321196234468125
"CFTR","turquoise",0.318756858879753
"SECISBP2L","turquoise",0.315566652978539
"IL1RAPL2","turquoise",0.301309092175797
"PALLD","turquoise",0.293798987806127
"ANXA1","turquoise",0.29194949088234
"RUNX1","turquoise",0.28510587682797
"MID1","turquoise",0.279781967377977
"SLC44A5","turquoise",0.279465066468142
"EPB41L4A","turquoise",0.278670855047439
"TNS3","turquoise",0.278613608611636
"KCNT2","turquoise",0.277423053729346
"CNTN6","turquoise",0.269982266983133
"CELSR1","turquoise",0.264366745084408
"CNTN3","turquoise",0.264206956317189
"SOX2","turquoise",0.262702438890034
"LURAP1L","turquoise",0.259061140070322
"PHACTR1","turquoise",0.258513575324242
"FARP1","turquoise",0.253489465135827
"CHSY3","turquoise",0.252400513400278
"DAPK2","turquoise",0.251081799290443
"GPC6","turquoise",0.246493649248026
"CHN1","turquoise",0.245819490754737
"NLGN1","turquoise",0.243730696091506
"CRIM1","turquoise",0.239932955275884
"UNC13C","turquoise",0.239410352224335
"WWC2","turquoise",0.232876972754792
"VEPH1","turquoise",0.232084833062807
"CPAMD8","turquoise",0.228122153185821
"GCNT2","turquoise",0.226251505193265
"AGR2","turquoise",0.225981093486866
"MACC1","turquoise",0.225306554357224
"NDRG1","turquoise",0.22406645336586
"SUSD4","turquoise",0.222573609205064
"PLEKHG1","turquoise",0.222202501439209
"PRICKLE2","turquoise",0.221010818928534
"KREMEN1","turquoise",0.218670029077139
"PHACTR2","turquoise",0.213890797570621
"USP54","turquoise",0.21030078769729
"KLHL24","turquoise",0.21029873169812
"FGD6","turquoise",0.209867578014844
"BTBD9","turquoise",0.208741903370864
"FBN2","turquoise",0.20725618524265
"PLCE1","turquoise",0.206274667351043
"PLCB1","turquoise",0.206263057456612
"EPB41L5","turquoise",0.205455449853241
"FAM160A1","turquoise",0.200060926348342
"RNF144B","turquoise",0.197115336143782
"FAM149A","turquoise",0.196807772558257
"TGFBR2","turquoise",0.19636146798766
"SYT17","turquoise",0.195108274032483
"TLN2","turquoise",0.194786659653985
"NEDD9","turquoise",0.194370610980095
"ARHGEF38","turquoise",0.193464030233321
"IGFBP5","turquoise",0.192879910645354
"SREBF2","turquoise",0.188027343761596
"MYOF","turquoise",0.187326775437125
"SH3RF1","turquoise",0.186747495361335
"GRIP1","turquoise",0.186476908682725
"PEAK1","turquoise",0.185190305314149
"PTPN14","turquoise",0.185012370402263
"FBXL7","turquoise",0.184886781692188
"HIF3A","turquoise",0.184616412846233
"ADCY7","turquoise",0.18441965932147
"HNMT","turquoise",0.180659612383131
"TCF4","turquoise",0.180207477210697
"ARAP2","turquoise",0.178356398629443
"RBMS1","turquoise",0.178316822236697
"ANKS1B","turquoise",0.17761202112111
"LEPREL1","turquoise",0.176833548092481
"GPR39","turquoise",0.175879816857008
"PAWR","turquoise",0.175026955744853
"PRKG1","turquoise",0.174353761260786
"ANXA4","turquoise",0.173960399885297
"SVIL","turquoise",0.173932054252909
"TMOD3","turquoise",0.172710453482195
"GTDC1","turquoise",0.171103363171026
"KHDRBS3","turquoise",0.169804894234391
"CALD1","turquoise",0.169043301373829
"PAPSS1","turquoise",0.168566186327112
"ZFP36L2","turquoise",0.168550297538496
"QKI","turquoise",0.168229306469546
"GAPVD1","turquoise",0.167349630416891
"PIAS1","turquoise",0.166665633633547
"EGFR","turquoise",0.16420424829323
"SYDE2","turquoise",0.163992320351785
"MYO5C","turquoise",0.16367391693507
"AHR","turquoise",0.161719743888488
"SLC22A3","turquoise",0.160471684152066
"SHROOM3","turquoise",0.160194306105206
"MYO3B","turquoise",0.159117629043002
"PAPSS2","turquoise",0.158993008126112
"LPIN2","turquoise",0.158013924361495
"TBC1D9","turquoise",0.157373824345736
"UXS1","turquoise",0.157305506956888
"GPM6A","turquoise",0.156703182999929
"TEAD1","turquoise",0.156500497736534
"RASSF9","turquoise",0.156288913060697
"ASAP1","turquoise",0.154831475107645
"IGF1R","turquoise",0.154193048623566
"TIAM1","turquoise",0.152735781934315
"MAP3K5","turquoise",0.152240687689552
"FREM2","turquoise",0.152125911596233
"MGST1","turquoise",0.151959849439401
"ARHGAP44","turquoise",0.149710683507576
"ARRB1","turquoise",0.149229734632643
"WWTR1","turquoise",0.14862939816018
"C10orf112","turquoise",0.14835651316541
"RAP1GAP2","turquoise",0.147828020606725
"NRXN3","turquoise",0.147555580213934
"PLEKHH2","turquoise",0.143318444219226
"VPS13C","turquoise",0.143283778200441
"CTNNA1","turquoise",0.142139058353256
"MET","turquoise",0.141958771586255
"KIAA1683","turquoise",0.141011394850159
"MYH14","turquoise",0.14093042993766
"MBOAT2","turquoise",0.140700820305406
"AKT3","turquoise",0.139644088852618
"SERINC5","turquoise",0.1385886819957
"OSBPL9","turquoise",0.138257343288646
"DOCK3","turquoise",0.138234399321656
"LIMS1","turquoise",0.137654134245577
"GNAQ","turquoise",0.137561302046159
"STAT3","turquoise",0.137536854669401
"DNAJC13","turquoise",0.136870608635948
"SLC38A9","turquoise",0.136825067453927
"TUSC3","turquoise",0.136437301016293
"CYBRD1","turquoise",0.13537169634893
"TLE4","turquoise",0.135100088518636
"ENDOD1","turquoise",0.134663894877544
"LIMD1","turquoise",0.134114607093487
"CDK6","turquoise",0.133550153597673
"UBL3","turquoise",0.133044418150579
"ROCK2","turquoise",0.133011274069171
"TRIM2","turquoise",0.131979588799803
"RGL1","turquoise",0.131939536789565
"ZBTB4","turquoise",0.131602230805058
"LARP4B","turquoise",0.13120931361329
"ITGA9","turquoise",0.130830641333017
"SESTD1","turquoise",0.130792144338134
"KIAA1522","turquoise",0.130445671591249
"RFC1","turquoise",0.128818826903767
"TSPAN12","turquoise",0.12863488480722
"GOLGA8A","turquoise",0.128398095019853
"SMURF1","turquoise",0.128324143161829
"PDCD4","turquoise",0.127067502099628
"CCDC6","turquoise",0.126963111182108
"FRY","turquoise",0.126728143610817
"PLXNA2","turquoise",0.126244848084849
"GRK5","turquoise",0.12533606909995
"NOD1","turquoise",0.124908483918443
"PAK1","turquoise",0.123646062294828
"PCDH9","turquoise",0.122865569962009
"AKAP9","turquoise",0.122795408586549
"DCDC2","turquoise",0.121987083542977
"RARB","turquoise",0.121745371848371
"ABCA1","turquoise",0.120664134320023
"GPR126","turquoise",0.119959130689272
"MYO10","turquoise",0.119888938931872
"PHIP","turquoise",0.119699455503848
"SORCS2","turquoise",0.119654895008552
"JPH1","turquoise",0.119611716057346
"RIN2","turquoise",0.119484317570206
"FAM69A","turquoise",0.119440328063016
"LATS2","turquoise",0.11939296169301
"ARHGAP21","turquoise",0.119131793968271
"TXNDC11","turquoise",0.118526400913794
"CERS4","turquoise",0.118028313810704
"NCOR2","turquoise",0.117970890224121
"PHF3","turquoise",0.117944873266035
"ACYP2","turquoise",0.117691438716228
"SLC4A7","turquoise",0.117353356127628
"PLXDC2","turquoise",0.117145911022649
"BAI3","turquoise",0.116994199664099
"UBE2H","turquoise",0.115706741374611
"ANO6","turquoise",0.115510725488964
"FIGN","turquoise",0.11533639023835
"N4BP2L1","turquoise",0.114394262932132
"THOC2","turquoise",0.113214757023799
"VEGFA","turquoise",0.112518691885791
"TMEM131","turquoise",0.111953877745061
"TSPAN5","turquoise",0.111940524803962
"TAB2","turquoise",0.111631978730238
"AHDC1","turquoise",0.111612395006784
"WASF3","turquoise",0.111539282784173
"NOTCH2","turquoise",0.111301483158359
"PPP4R1","turquoise",0.111211027328261
"CACNA2D1","turquoise",0.111177356573158
"WASL","turquoise",0.110839542773658
"DDI2","turquoise",0.110247778194752
"NXN","turquoise",0.110162141796295
"LHFP","turquoise",0.110122103049508
"NFE2L2","turquoise",0.110041692248327
"SSFA2","turquoise",0.109705477116352
"MLLT4","turquoise",0.108845482089374
"SESN3","turquoise",0.108678819563063
"SGK223","turquoise",0.10775515775335
"SLC44A3","turquoise",0.107463301963363
"FERMT2","turquoise",0.107368468866582
"GOLGA8B","turquoise",0.107201239471027
"ROBO2","turquoise",0.10693090945171
"TNS1","turquoise",0.106878374967309
"LRP6","turquoise",0.106762552664062
"N4BP2","turquoise",0.106678096325921
"CAB39","turquoise",0.106639124619657
"LRIG1","turquoise",0.106608946811217
"TTC39C","turquoise",0.106375229368036
"SGMS2","turquoise",0.106063489633125
"AXL","turquoise",0.106034246308175
"CDKL5","turquoise",0.105805927242293
"CUEDC1","turquoise",0.105799042079595
"HIPK3","turquoise",0.105228360134137
"LRRFIP2","turquoise",0.104940547079065
"YTHDC1","turquoise",0.104562597167596
"CFLAR","turquoise",0.104302391723592
"NFIB","turquoise",0.103590817208275
"ACADL","turquoise",0.1032129103524
"GPC3","turquoise",0.102880076764006
"N4BP1","turquoise",0.102267049740995
"CGNL1","turquoise",0.101677780660836
"UBAP2","turquoise",0.101158481795064
"STX7","turquoise",0.100783617070699
"RBBP8","turquoise",0.100375701682456
"SLC27A6","turquoise",0.100151352045834
"SNTB1","turquoise",0.0994265711594773
"FAM63B","turquoise",0.0986140518599501
"TMEM87A","turquoise",0.0978148090784522
"FAM214A","turquoise",0.0976371638813231
"HMGN3","turquoise",0.0976126584830728
"DHRS3","turquoise",0.0968589084863182
"RBPJ","turquoise",0.0968570568987003
"TRIM71","turquoise",0.0966566088607053
"ATXN2","turquoise",0.0961486092781785
"MARCH6","turquoise",0.0959377606713086
"LRRTM3","turquoise",0.0958456212729871
"DESI2","turquoise",0.0955293046726186
"SMIM14","turquoise",0.0952545711028656
"LTBP1","turquoise",0.0951985924033205
"TBC1D2","turquoise",0.0948053032290883
"LNX2","turquoise",0.0946931608980331
"NOTCH2NL","turquoise",0.0944296119253214
"ADAMTS3","turquoise",0.0942283821693427
"RBMS2","turquoise",0.09413028756305
"PCMTD1","turquoise",0.0922776579651056
"TRPC6","turquoise",0.090683633338405
"TRPS1","turquoise",0.0906649684633059
"EEA1","turquoise",0.0906336790000112
"TTC3","turquoise",0.0904530363546725
"CDC14B","turquoise",0.0903689497351491
"PRKCH","turquoise",0.090098518110374
"TNRC18","turquoise",0.0900243802105167
"ARHGAP29","turquoise",0.0899616846010708
"PITPNM2","turquoise",0.0897587612696611
"C5orf42","turquoise",0.0893968554670248
"ABI1","turquoise",0.0889998272216673
"ATL2","turquoise",0.0885763094952621
"FOXO1","turquoise",0.0881379769991267
"CXADR","turquoise",0.0878558960254031
"CNOT6L","turquoise",0.0871010761677465
"ECHDC1","turquoise",0.0869645865740622
"PPP1R12A","turquoise",0.0863719618457579
"HELZ","turquoise",0.0863517547192142
"GAB2","turquoise",0.0861343910692344
"FLNB","turquoise",0.0856966767971562
"KIAA0319L","turquoise",0.0843835861839498
"FCHO2","turquoise",0.08431058710371
"OSBPL1A","turquoise",0.0841440126870929
"IFNAR2","turquoise",0.0841265134455763
"CADM2","turquoise",0.0840661801003807
"TRAK2","turquoise",0.0839455195819358
"WDR26","turquoise",0.0835723315779306
"KIAA1841","turquoise",0.0828823988387243
"MFSD6","turquoise",0.0822496198015669
"NEK11","turquoise",0.0820208799852825
"ULK2","turquoise",0.0818150038222245
"TRIQK","turquoise",0.0812849445137388
"RAP1B","turquoise",0.0805640445860542
"RAPH1","turquoise",0.0803710595329515
"BMP2K","turquoise",0.0801542197697651
"SEC14L1","turquoise",0.0797648525780913
"PDCD6IP","turquoise",0.0795334326454964
"MAPRE2","turquoise",0.0791999047480762
"KCNC3","turquoise",0.0789158853801945
"UBE2E3","turquoise",0.0788560347108029
"CHPT1","turquoise",0.0768295332018504
"VPS13D","turquoise",0.0767375960449869
"SRGAP3","turquoise",0.074967913211604
"TEAD3","turquoise",0.0733942060614901
"MITF","turquoise",0.07238741139233
"GPD2","turquoise",0.071644112095219
"AGPAT4","turquoise",0.0713299076790987
"NFYC","turquoise",0.0711455775475013
"ZC3H12C","turquoise",0.0711226285279138
"DDHD1","turquoise",0.0707275119800602
"FEZ2","turquoise",0.0705518509006085
"NR2C1","turquoise",0.0697928221786535
"INPP4A","turquoise",0.0687002475353077
"DHX29","turquoise",0.0684745470538358
"GSTA4","turquoise",0.0675072997375031
"NUDT9","turquoise",0.0664518035444082
"FMR1","turquoise",0.0638303826392125
"BNIP3L","turquoise",0.0633744105996736
"EFHC1","turquoise",0.062977563957812
"TSHZ1","turquoise",0.0600369861353103
"PARN","turquoise",0.059781457531613
"FAM114A1","turquoise",0.0593517907782241
"SYTL3","turquoise",0.057890816628206
"MARK2","turquoise",0.0560230909931746
"RSPH3","turquoise",0.053004661861735
"DLG2","blue",0.69531060549207
"ATP11A","blue",0.57483453015469
"FOXP2","blue",0.534259023856541
"PIK3C2G","blue",0.522925224651235
"SLC4A4","blue",0.495965247900288
"NAALADL2","blue",0.481947381053219
"PTPN13","blue",0.478433456569622
"FMN1","blue",0.475736878422226
"PSD3","blue",0.464200996788859
"CCSER1","blue",0.463306499619645
"RNF220","blue",0.442064413647809
"NHSL1","blue",0.44022453522885
"ADAMTS6","blue",0.435655202691367
"C10orf90","blue",0.42759377802525
"AUTS2","blue",0.420367807132161
"ETV5","blue",0.407589223552095
"COL11A1","blue",0.405606370926085
"ABCC4","blue",0.404964327136282
"PLCH1","blue",0.404501013337072
"SEL1L3","blue",0.40424877385523
"CHST11","blue",0.387347750214767
"PRKD1","blue",0.386071095952627
"PVRL3","blue",0.38258103237284
"TESC","blue",0.380827407988816
"LPPR1","blue",0.366221489376032
"PTPRG","blue",0.365150448966586
"KAZN","blue",0.364767923695325
"TMEM163","blue",0.360153009034124
"ITGA2","blue",0.356743121031751
"UTRN","blue",0.356727989387287
"PTPRZ1","blue",0.352226518679825
"ROS1","blue",0.350323280739936
"CABLES1","blue",0.349860587448983
"ROR1","blue",0.348022791007282
"FAM184A","blue",0.347582767436895
"ACOXL","blue",0.347155774657707
"PTPRD","blue",0.346829847948241
"SFTPC","blue",0.344082205290727
"NPAS2","blue",0.342742937376052
"MAPK10","blue",0.335481183122911
"THSD7A","blue",0.335052569977894
"LARGE","blue",0.331171447589537
"IL1RAPL1","blue",0.3284753885975
"LRRC36","blue",0.328216906409435
"STK39","blue",0.327937305388744
"MEGF11","blue",0.324944714265341
"PRICKLE1","blue",0.323569294712205
"BICC1","blue",0.323388488600906
"WWC1","blue",0.322081876509251
"TPPP3","blue",0.321123773858952
"HS2ST1","blue",0.320067143832615
"SORBS2","blue",0.317256676764252
"SOX6","blue",0.313695020406188
"KIAA1199","blue",0.311535621675022
"ADCY8","blue",0.311227056186528
"ARHGAP24","blue",0.310109467977094
"C10orf11","blue",0.309408087248518
"OSBPL10","blue",0.3079570989251
"TRIM24","blue",0.306571822007952
"PALM2","blue",0.305126503585141
"MICAL2","blue",0.303846264448487
"CA2","blue",0.300001016725884
"YAP1","blue",0.299496161639187
"ZNRF3","blue",0.298956314685757
"FGD4","blue",0.298526730199235
"FYN","blue",0.297970182112656
"MTSS1","blue",0.297708254281406
"NOTUM","blue",0.297126142220641
"RALGAPA2","blue",0.296489691596732
"DLC1","blue",0.295036696478538
"SAMD5","blue",0.294046609197219
"SOX9","blue",0.293890411210477
"MFSD2A","blue",0.293114794421696
"MYO5A","blue",0.286398453606686
"ASPH","blue",0.285260724187136
"NRP1","blue",0.284598860022735
"TPST1","blue",0.283925485715401
"KIF5C","blue",0.282877776387057
"SH3PXD2A","blue",0.282551548970157
"TPD52L1","blue",0.282533577567829
"CD36","blue",0.279802430317726
"TMEM245","blue",0.27963667259164
"UNC13B","blue",0.276947892613325
"ARHGEF28","blue",0.276941277203864
"GAREM","blue",0.274832029483437
"SPATS2","blue",0.274760034600622
"C14orf105","blue",0.274431803738615
"TNC","blue",0.271985388450337
"TMEM108","blue",0.27175451779585
"WIF1","blue",0.269096853176482
"HS6ST2","blue",0.268940582976944
"CASK","blue",0.268108699844263
"EXT1","blue",0.2664971048697
"ENC1","blue",0.266123599580709
"TGFB2","blue",0.262658778030213
"NR3C2","blue",0.260326037499989
"ETV1","blue",0.2602214609657
"MAN1A1","blue",0.259921377976846
"FAT4","blue",0.257039540052154
"ADAM12","blue",0.255530416602672
"PPM1H","blue",0.254333281237065
"COL4A5","blue",0.253360824606825
"CACHD1","blue",0.250065771919722
"ATXN1","blue",0.247657019331427
"C12orf79","blue",0.247244949765192
"CLDN2","blue",0.24654525206581
"CYYR1","blue",0.242478194210054
"CACNB4","blue",0.241796917716829
"MEIS2","blue",0.240583836889297
"PDE8A","blue",0.240330169379769
"UGCG","blue",0.240032334900989
"CD44","blue",0.23988586637081
"COL27A1","blue",0.239834137628552
"ACSS3","blue",0.238328378473841
"AQP1","blue",0.230365194121434
"ZFAND3","blue",0.230079092343817
"SLC16A9","blue",0.228251390128211
"PRKCA","blue",0.227650743608099
"TTC28","blue",0.226824724405825
"RIMBP2","blue",0.226039422780296
"TAOK3","blue",0.224499393283194
"NPC2","blue",0.223738226972068
"CCDC14","blue",0.222777174351644
"UGT2B7","blue",0.221847096038195
"DIAPH2","blue",0.221448693993926
"RGS7BP","blue",0.220450774369836
"ADAMTS9","blue",0.220314472285323
"EDNRB","blue",0.220000399110226
"PALM2-AKAP2","blue",0.219524104449021
"MICU3","blue",0.218890824817871
"ARHGAP26","blue",0.216274105906526
"ITGA6","blue",0.207667640685971
"SEPT11","blue",0.207363794725335
"IGFBP7","blue",0.206729141479482
"KIF13A","blue",0.206241662719496
"ACOT11","blue",0.20623200439628
"NKD1","blue",0.205901036257752
"PRKACB","blue",0.205686487961492
"MGAT5","blue",0.203810452270394
"FRMD4B","blue",0.203794034720856
"CADM1","blue",0.203529479497215
"CELF2","blue",0.203509154442767
"GATA6","blue",0.202689043066783
"MTR","blue",0.202361080183914
"NRCAM","blue",0.201731448840781
"RASGRF1","blue",0.199616302360894
"HSD11B2","blue",0.198815840773231
"MTUS1","blue",0.197918441311575
"CLCN5","blue",0.197401605635833
"PRSS23","blue",0.197374363558382
"GLI3","blue",0.196451055731089
"HIF1A","blue",0.195843153983801
"ADAMTS1","blue",0.195743822719316
"PCSK5","blue",0.195389431776688
"SLC34A2","blue",0.194747524525383
"RUFY3","blue",0.194407271619747
"ITPR1","blue",0.194028893510861
"NTN4","blue",0.193665725499436
"DLGAP1","blue",0.193297509126543
"COL9A3","blue",0.1923181554678
"MAGI2","blue",0.19222437960682
"LAMB1","blue",0.191533344584737
"NRIP1","blue",0.191248716432607
"SLCO2A1","blue",0.190520236922054
"DOCK1","blue",0.189866797465855
"AFF1","blue",0.189449215974721
"HNF1B","blue",0.188772477836472
"BCL11A","blue",0.188537932832865
"ST3GAL3","blue",0.188255618700756
"ELF5","blue",0.187236302000388
"KIAA1324L","blue",0.186802108190289
"EPHA7","blue",0.185792551888033
"LPHN2","blue",0.184698177823245
"GAS2","blue",0.184619562773007
"MACF1","blue",0.184207406067317
"LMBR1","blue",0.184036047453554
"TMEM164","blue",0.183742364195776
"HMGA2","blue",0.183594814281394
"TCF7L1","blue",0.183116783124355
"SFTPA1","blue",0.183079687404234
"SUSD1","blue",0.183061947467925
"HAS3","blue",0.182410639695313
"ARHGAP31","blue",0.180654502176946
"EPHA4","blue",0.180565542091774
"SHROOM4","blue",0.179815349054022
"STK33","blue",0.179113210677754
"FGF9","blue",0.176472090308471
"PPAP2A","blue",0.176433930346853
"AGBL4","blue",0.176020514285913
"RNF43","blue",0.175042877255624
"HIP1","blue",0.174810285672001
"TTN","blue",0.173088916021955
"E2F8","blue",0.170540291781607
"DOCK9","blue",0.170069868381871
"PON2","blue",0.170043658651569
"KIAA1211","blue",0.169216917862697
"MROH7","blue",0.168948361807108
"UST","blue",0.16890644374831
"MLK4","blue",0.167640242255414
"ROR2","blue",0.167449636979948
"PHTF2","blue",0.166997653051133
"APC","blue",0.166702840919388
"DTNB","blue",0.165522156906201
"SNX9","blue",0.16462445247764
"LIFR","blue",0.164046889145611
"DACT2","blue",0.163933688917704
"FBXW8","blue",0.163916409901751
"NFATC2","blue",0.163848137516879
"PARM1","blue",0.163282351268316
"FAM117B","blue",0.162698342832301
"CTSH","blue",0.162024166564795
"ATP11B","blue",0.161382458209251
"PTPN3","blue",0.159104331504854
"HPCAL1","blue",0.158500522731285
"SUCO","blue",0.156914457922421
"GALNT2","blue",0.156641841802508
"FBXL4","blue",0.156616565557795
"GALNT7","blue",0.155590559887643
"ATXN10","blue",0.155063064497863
"SNED1","blue",0.154959815131429
"PCNXL2","blue",0.154482127358776
"SLC16A10","blue",0.154275086697159
"PLCXD2","blue",0.15391407702476
"TMTC2","blue",0.153515121703094
"CSRNP3","blue",0.152902331779863
"OBSCN","blue",0.152311899634491
"CTNNAL1","blue",0.152222378091979
"CPE","blue",0.152146127719661
"LRRN3","blue",0.151970761729534
"SIK2","blue",0.150985166055034
"RNF180","blue",0.150453781844379
"ITPR3","blue",0.149827164792979
"HSD17B12","blue",0.149495807072472
"MOB1B","blue",0.149212904082117
"PDLIM5","blue",0.149136247284581
"UGGT2","blue",0.149068522620125
"EML4","blue",0.148741685582657
"SCMH1","blue",0.148558574253124
"ENAH","blue",0.148146125312443
"CREB5","blue",0.146159729302246
"ACSM3","blue",0.146132151660038
"TFB1M","blue",0.146114524933428
"ADCY9","blue",0.145529061784133
"SLC35B4","blue",0.145099024764011
"PTBP3","blue",0.144727895587571
"CUX1","blue",0.144639592949499
"SLC20A2","blue",0.144344547090228
"SLC1A2","blue",0.143800126970622
"LYPLAL1","blue",0.143223008769443
"CMSS1","blue",0.143068898822607
"R3HDM1","blue",0.142947925951196
"EPS8","blue",0.141288986917934
"KCNJ15","blue",0.140790570339912
"FAM171A1","blue",0.139848588053457
"UBR1","blue",0.139157670196045
"KIAA1958","blue",0.138550580108236
"DPY19L1","blue",0.138417187820402
"APCDD1","blue",0.13675750591271
"LDLRAD3","blue",0.136363230586989
"PXDNL","blue",0.135560570854271
"SULT1C2","blue",0.135320079056723
"KIF26B","blue",0.135174181712961
"ADD3","blue",0.134355228658615
"PRODH","blue",0.133394917695826
"SMAD6","blue",0.132396435294281
"ME3","blue",0.132038385895923
"ARHGAP20","blue",0.13126870742193
"VSNL1","blue",0.130712172819827
"AADAT","blue",0.130646198158131
"CAT","blue",0.130342310186139
"SGPP1","blue",0.130211700983763
"TBC1D30","blue",0.129742101310738
"COL4A6","blue",0.129343330280029
"BMP1","blue",0.129247286465208
"ST3GAL6","blue",0.12862520175145
"BICD1","blue",0.128093155690115
"ST3GAL5","blue",0.126617833986342
"EPB41L4B","blue",0.125563895354139
"PI4K2B","blue",0.125235863763974
"PCDP1","blue",0.12508835435168
"USP13","blue",0.124549599176879
"UBE2E2","blue",0.122818860429827
"PUS7","blue",0.122784343814028
"NINL","blue",0.121916904400502
"ZDHHC3","blue",0.121357074648632
"RAI14","blue",0.11933171114979
"OPHN1","blue",0.117748670752399
"DPP4","blue",0.115156513265123
"GPT2","blue",0.114085701395758
"SLC19A3","blue",0.113815110241125
"ADRBK2","blue",0.112340324376357
"CCNYL1","blue",0.110784314347406
"TRABD2A","blue",0.108172687344537
"GALNT3","blue",0.106494275264249
"ZNF124","blue",0.103349602080206
"CHD1L","blue",0.0998908296175702
"PDK1","blue",0.0896942587710991
"TOP2A","black",0.69114881373672
"CENPF","black",0.667921278377172
"MKI67","black",0.660904549998042
"ASPM","black",0.599712271830822
"CENPE","black",0.569996436682618
"NUSAP1","black",0.569645369192977
"TPX2","black",0.54850021898568
"APOLD1","black",0.541722986517327
"DIAPH3","black",0.53940688127374
"ARHGAP11B","black",0.516707734291206
"HMGB2","black",0.420503473364246
"H2AFX","black",0.398039453172993
"SMC4","black",0.391031062166887
"NCAPD2","black",0.37714628203172
"HIST1H4C","black",0.371149237466786
"CIT","black",0.370005024199147
"CKAP2","black",0.356828696935547
"KIF20B","black",0.35074204554033
"SCLT1","black",0.347851779031299
"BRIP1","black",0.346213018419427
"CENPK","black",0.345791930728763
"MIS18BP1","black",0.33909250149369
"RTKN2","black",0.332969031196667
"CEP128","black",0.329721831597931
"FANCI","black",0.327296493828564
"SMC2","black",0.318706200555289
"LMNB1","black",0.318095864546376
"ATAD2","black",0.315993445105526
"TMPO","black",0.299730834658503
"CENPP","black",0.285967014522612
"CKAP5","black",0.285241120434292
"BRCA2","black",0.284235914364487
"H2AFZ","black",0.282867123922512
"LMNB2","black",0.259082334707318
"EZH2","black",0.258065646826077
"RGS3","black",0.252980256020463
"RRM1","black",0.251986906271064
"RFC3","black",0.249178324014686
"GEN1","black",0.233505029346726
"WHSC1","black",0.227753224135979
"SYNE2","black",0.221898924220858
"HP1BP3","black",0.218990146667613
"G2E3","black",0.217401739943254
"CDK5RAP2","black",0.211715408302394
"FAM111A","black",0.210868755622802
"ATAD5","black",0.208398937687765
"HELLS","black",0.191819615246896
"MPHOSPH9","black",0.187837273336603
"CEP78","black",0.181631904224965
"LBR","black",0.179264129518856
"NDC1","black",0.169285851321838
"BARD1","black",0.165553166364195
"ITGB3BP","black",0.16182701410923
"FBLN1","black",0.153577725453342
"NDUFAF6","black",0.146948799383404
"KDELC2","black",0.137325600206724
"GJC1","black",0.116531299601936
"PTPLAD1","black",0.113456861748432
"DNMT1","black",0.105708370667832
"MECOM","yellow",0.379977700615117
"PTPRK","yellow",0.363857157398096
"ZBTB20","yellow",0.347788137865701
"LRBA","yellow",0.347371996353709
"KHDRBS2","yellow",0.344653374373815
"SSBP2","yellow",0.329753369220755
"DAPK1","yellow",0.319475757551812
"KIAA1217","yellow",0.314206283080273
"MBNL1","yellow",0.311456166930461
"ADK","yellow",0.310420088019729
"MAGI1","yellow",0.304620749031179
"PARD3B","yellow",0.290161857504827
"MAST4","yellow",0.275419802007954
"PDE4D","yellow",0.27431227317248
"SUPT3H","yellow",0.274015580773539
"MAML2","yellow",0.264881086964195
"WWOX","yellow",0.262593998346101
"KIAA1328","yellow",0.259037197398226
"CTNNA3","yellow",0.255880310123008
"RBPMS","yellow",0.251409356467519
"MED13L","yellow",0.248081662583562
"SHANK2","yellow",0.243872306496837
"RPA3-AS1","yellow",0.241906665836997
"LPP","yellow",0.236704483929305
"JMJD1C","yellow",0.236548859928297
"NFAT5","yellow",0.235405657172123
"FRAS1","yellow",0.235223272004259
"CDC42BPA","yellow",0.234870270567324
"STOX2","yellow",0.23447024905686
"GRHL2","yellow",0.231774948455333
"NBEA","yellow",0.223410090625835
"C9orf3","yellow",0.217677161867897
"GPR98","yellow",0.217561121250043
"NCALD","yellow",0.217255004686013
"FAM172A","yellow",0.216793337346307
"TOX","yellow",0.216737410002994
"BCAS3","yellow",0.216253540071903
"NCOA1","yellow",0.213621077326049
"PBX1","yellow",0.212380761830889
"PLCL1","yellow",0.209838163541431
"PDSS2","yellow",0.20858392519659
"PLEKHA7","yellow",0.208294982195633
"SBF2","yellow",0.207637694834346
"MSI2","yellow",0.206868976237722
"MYO9A","yellow",0.203814262072505
"TBL1XR1","yellow",0.202560218611175
"USP25","yellow",0.201976699501973
"RALGAPA1","yellow",0.200183976659437
"MYO1D","yellow",0.198853325673093
"PDE1A","yellow",0.198722855902617
"PPP3CA","yellow",0.197129204316425
"GULP1","yellow",0.197110578981822
"KMT2C","yellow",0.196725109524795
"TCF7L2","yellow",0.196722021228407
"FNDC3B","yellow",0.196705870308571
"TMCC1","yellow",0.195551712563233
"ZDHHC20","yellow",0.194699683823497
"ARID2","yellow",0.194282294567361
"GAB1","yellow",0.194125675464948
"ATP8A1","yellow",0.193704277482787
"SEMA3C","yellow",0.193421091783714
"FBXL2","yellow",0.191923555083423
"ATP13A4","yellow",0.191723708307123
"THADA","yellow",0.191495217650462
"PTEN","yellow",0.191476306219122
"PLEKHA5","yellow",0.191119199351087
"INPP4B","yellow",0.191034875260768
"FAM13A","yellow",0.190286289982819
"NEK7","yellow",0.188064961394419
"CBLB","yellow",0.187317466163308
"ZNF704","yellow",0.186718604368043
"STK3","yellow",0.185320274117759
"TFDP2","yellow",0.185069364185935
"RAPGEF2","yellow",0.184496926297657
"BBX","yellow",0.181799931486889
"AHI1","yellow",0.181229948140329
"N4BP2L2","yellow",0.18019968454949
"EVI5","yellow",0.178995528843321
"FAAH2","yellow",0.177328694911405
"PDGFC","yellow",0.177143816168327
"L3MBTL4","yellow",0.17673452175557
"ANKIB1","yellow",0.17664232996027
"CBFA2T2","yellow",0.175779834683571
"MKL2","yellow",0.175657350649636
"PCLO","yellow",0.175178899088883
"PARK2","yellow",0.175010848065846
"JAZF1","yellow",0.173085288430155
"DOCK4","yellow",0.172492488231021
"DCAF6","yellow",0.171907339886697
"C20orf194","yellow",0.171808108663732
"DYM","yellow",0.170050900629864
"SMC5","yellow",0.169211706226936
"PHC3","yellow",0.16878806083419
"CDK19","yellow",0.168359002336068
"KAT6B","yellow",0.168237750005212
"CHD6","yellow",0.167314857343424
"BPTF","yellow",0.167128023112561
"HERC1","yellow",0.166795080085148
"ZNF385B","yellow",0.166782826174049
"THRB","yellow",0.166348211882872
"GRB14","yellow",0.165915175566234
"AUH","yellow",0.165718559765132
"CMTM8","yellow",0.16497533384719
"LCORL","yellow",0.163995118050338
"TET2","yellow",0.163216352002831
"SGMS1","yellow",0.162763552184859
"BRWD1","yellow",0.162568113391861
"UBR3","yellow",0.160546303550396
"PHKB","yellow",0.160100212273998
"STARD13","yellow",0.159516638857108
"HMBOX1","yellow",0.159293121844137
"NFIA","yellow",0.158188741494907
"SLC25A36","yellow",0.158177777151393
"DENND1B","yellow",0.157906758262922
"R3HDM2","yellow",0.157824025738714
"TLK1","yellow",0.157116185009288
"SHPRH","yellow",0.156958447397915
"TMEM232","yellow",0.15614262500498
"MYCBP2","yellow",0.155970409791239
"ELF2","yellow",0.15565941353884
"PDS5B","yellow",0.155573880782607
"PELI2","yellow",0.155433158274391
"GPR125","yellow",0.154829400116144
"IGF2BP3","yellow",0.154325633793786
"TBC1D8","yellow",0.153846016322217
"FUT8","yellow",0.153642392259034
"IKZF2","yellow",0.152070836775696
"KCNH8","yellow",0.151878211830372
"PPP1R12B","yellow",0.15163064733105
"PLOD2","yellow",0.150991337987991
"NR6A1","yellow",0.150869837315405
"SCAF8","yellow",0.149914632359245
"CCDC171","yellow",0.149895513419429
"RASA2","yellow",0.149024251047845
"XKR6","yellow",0.14871905840896
"EPS15","yellow",0.148008403098061
"ASXL3","yellow",0.147667736040762
"ETNK1","yellow",0.147413357124174
"TBC1D19","yellow",0.145903043151525
"SCN9A","yellow",0.145485971759075
"PRELID2","yellow",0.145348096395668
"ATP8B1","yellow",0.145187045458805
"MGEA5","yellow",0.144703005167965
"SPATA6L","yellow",0.144516707669159
"EPC1","yellow",0.144248775140219
"PLEKHM3","yellow",0.143921836478163
"ARHGAP32","yellow",0.143305226703304
"ANKRD36","yellow",0.141989931796655
"RNF13","yellow",0.141983643889354
"COG6","yellow",0.139987778922517
"CRADD","yellow",0.136735052808446
"COL4A3BP","yellow",0.135714800235455
"IFT80","yellow",0.134340627955303
"C2CD5","yellow",0.133504349653618
"MAP3K4","yellow",0.132823387144826
"WDFY2","yellow",0.132281388165216
"TTC14","yellow",0.130379853966035
"TMEM65","yellow",0.128931869830559
"SNX14","yellow",0.127912263606644
"MPDZ","yellow",0.127143563935976
"PPP3CC","yellow",0.126553753914392
"PLAG1","yellow",0.126301089896998
"RANBP9","yellow",0.125799058262092
"PRPF40B","yellow",0.124337766685901
"SLC12A6","yellow",0.123006100306111
"EML1","yellow",0.117359450246043
"CLEC2D","yellow",0.114392864298447
"KIAA1244","yellow",0.111110178923681
"WDR60","yellow",0.107033719145543
"REPS2","yellow",0.103274927399453
